symbol,status,bar_count,code,message,batch_index
1301.T,ok,7,,,1
130A.T,ok,7,,,1
1332.T,ok,7,,,1
1333.T,ok,7,,,1
135A.T,ok,7,,,1
1375.T,ok,7,,,1
1376.T,ok,7,,,1
1377.T,ok,7,,,1
1379.T,ok,7,,,1
137A.T,ok,7,,,1
1380.T,ok,7,,,1
1381.T,ok,7,,,1
1382.T,ok,7,,,1
1383.T,ok,7,,,1
1384.T,ok,7,,,1
138A.T,ok,7,,,1
1401.T,ok,7,,,1
1407.T,ok,7,,,1
1414.T,ok,7,,,1
1417.T,ok,7,,,1
1418.T,ok,7,,,1
1419.T,ok,7,,,1
141A.T,ok,7,,,1
1420.T,ok,7,,,1
1429.T,ok,7,,,1
142A.T,ok,7,,,2
1430.T,ok,7,,,2
1431.T,ok,7,,,2
1433.T,ok,7,,,2
1434.T,ok,7,,,2
1435.T,ok,7,,,2
1436.T,ok,7,,,2
1438.T,ok,7,,,2
143A.T,ok,7,,,2
1443.T,ok,7,,,2
1444.T,ok,7,,,2
1446.T,ok,7,,,2
1447.T,ok,7,,,2
1450.T,ok,7,,,2
145A.T,ok,7,,,2
146A.T,ok,7,,,2
147A.T,ok,7,,,2
148A.T,ok,7,,,2
1491.T,ok,7,,,2
149A.T,ok,7,,,2
150A.T,ok,7,,,2
1514.T,ok,7,,,2
1515.T,ok,7,,,2
1518.T,ok,7,,,2
151A.T,ok,7,,,2
153A.T,ok,7,,,3
155A.T,ok,7,,,3
156A.T,ok,7,,,3
157A.T,ok,7,,,3
160A.T,ok,7,,,3
1662.T,ok,7,,,3
1663.T,ok,7,,,3
166A.T,ok,7,,,3
167A.T,ok,7,,,3
168A.T,ok,7,,,3
1711.T,ok,7,,,3
1716.T,ok,7,,,3
1717.T,ok,7,,,3
1718.T,ok,7,,,3
1719.T,ok,7,,,3
1720.T,ok,7,,,3
1721.T,ok,7,,,3
1723.T,ok,7,,,3
1724.T,ok,7,,,3
1726.T,ok,7,,,3
1736.T,ok,7,,,3
173A.T,ok,7,,,3
1758.T,ok,7,,,3
175A.T,ok,7,,,3
1762.T,ok,7,,,3
1764.T,ok,7,,,4
1766.T,ok,7,,,4
1768.T,ok,7,,,4
1770.T,ok,7,,,4
1773.T,ok,7,,,4
1776.T,ok,7,,,4
177A.T,ok,7,,,4
1780.T,ok,7,,,4
1783.T,ok,7,,,4
1786.T,ok,7,,,4
1787.T,ok,7,,,4
1788.T,ok,7,,,4
1793.T,ok,7,,,4
1795.T,ok,7,,,4
1798.T,ok,7,,,4
1799.T,ok,7,,,4
1807.T,ok,7,,,4
1808.T,ok,7,,,4
1810.T,ok,7,,,4
1811.T,ok,7,,,4
1812.T,ok,7,,,4
1813.T,ok,7,,,4
1814.T,ok,7,,,4
1815.T,ok,7,,,4
1820.T,ok,7,,,4
1822.T,ok,7,,,5
1826.T,ok,7,,,5
1827.T,ok,7,,,5
1828.T,ok,7,,,5
1833.T,ok,7,,,5
1835.T,ok,7,,,5
1840.T,ok,7,,,5
1844.T,ok,7,,,5
1847.T,ok,7,,,5
1848.T,ok,7,,,5
184A.T,ok,7,,,5
1850.T,ok,7,,,5
1852.T,ok,7,,,5
1853.T,ok,7,,,5
1860.T,ok,7,,,5
1861.T,ok,7,,,5
1866.T,ok,7,,,5
1867.T,ok,7,,,5
186A.T,ok,7,,,5
1870.T,ok,7,,,5
1871.T,ok,7,,,5
1873.T,ok,7,,,5
1878.T,ok,7,,,5
1879.T,ok,7,,,5
1882.T,ok,7,,,5
1885.T,ok,7,,,6
1887.T,ok,7,,,6
1888.T,ok,7,,,6
1893.T,ok,7,,,6
1897.T,ok,7,,,6
1898.T,ok,7,,,6
1899.T,ok,7,,,6
189A.T,ok,7,,,6
1904.T,ok,7,,,6
1905.T,ok,7,,,6
1909.T,ok,7,,,6
190A.T,ok,7,,,6
1911.T,ok,7,,,6
1914.T,ok,7,,,6
1921.T,ok,7,,,6
1926.T,ok,7,,,6
1929.T,ok,7,,,6
192A.T,ok,7,,,6
1930.T,ok,7,,,6
1934.T,ok,7,,,6
1938.T,ok,7,,,6
1939.T,ok,7,,,6
1941.T,ok,7,,,6
1942.T,ok,7,,,6
1944.T,ok,7,,,6
1945.T,ok,7,,,7
1946.T,ok,7,,,7
1948.T,ok,7,,,7
194A.T,ok,7,,,7
1950.T,ok,7,,,7
1951.T,ok,7,,,7
1952.T,ok,7,,,7
1959.T,ok,7,,,7
195A.T,ok,7,,,7
1960.T,ok,7,,,7
1961.T,ok,7,,,7
1963.T,ok,7,,,7
1964.T,ok,7,,,7
1965.T,ok,7,,,7
1966.T,ok,7,,,7
1967.T,ok,7,,,7
1968.T,ok,7,,,7
1969.T,ok,7,,,7
196A.T,ok,7,,,7
1972.T,ok,7,,,7
1975.T,ok,7,,,7
1976.T,ok,7,,,7
1979.T,ok,7,,,7
197A.T,ok,7,,,7
1980.T,ok,7,,,7
1981.T,ok,7,,,8
1982.T,ok,7,,,8
198A.T,ok,7,,,8
1992.T,ok,7,,,8
1994.T,ok,7,,,8
1997.T,ok,7,,,8
2001.T,ok,7,,,8
2002.T,ok,7,,,8
2003.T,ok,7,,,8
2004.T,ok,7,,,8
2009.T,ok,7,,,8
2053.T,ok,7,,,8
2055.T,ok,7,,,8
205A.T,ok,7,,,8
2060.T,ok,7,,,8
206A.T,ok,7,,,8
208A.T,ok,7,,,8
2108.T,ok,7,,,8
2109.T,ok,7,,,8
2112.T,ok,7,,,8
2114.T,ok,7,,,8
2117.T,ok,7,,,8
211A.T,ok,7,,,8
2120.T,ok,7,,,8
2121.T,ok,7,,,8
2122.T,ok,7,,,9
2124.T,ok,7,,,9
2127.T,ok,7,,,9
212A.T,ok,7,,,9
2130.T,ok,7,,,9
2134.T,ok,7,,,9
2136.T,ok,7,,,9
2138.T,ok,7,,,9
2139.T,ok,7,,,9
2146.T,ok,7,,,9
2148.T,ok,7,,,9
2152.T,ok,7,,,9
2153.T,ok,7,,,9
2154.T,ok,7,,,9
2156.T,ok,7,,,9
2157.T,ok,7,,,9
2158.T,ok,7,,,9
215A.T,ok,7,,,9
2160.T,ok,7,,,9
2162.T,ok,7,,,9
2163.T,ok,7,,,9
2164.T,ok,7,,,9
2168.T,ok,7,,,9
2169.T,ok,7,,,9
2170.T,ok,7,,,9
2173.T,ok,7,,,10
2175.T,ok,7,,,10
2179.T,ok,7,,,10
2180.T,ok,7,,,10
2181.T,ok,7,,,10
2183.T,ok,7,,,10
2185.T,ok,7,,,10
2186.T,ok,7,,,10
218A.T,ok,7,,,10
2193.T,ok,7,,,10
2195.T,ok,7,,,10
2198.T,ok,7,,,10
219A.T,ok,7,,,10
2201.T,ok,7,,,10
2204.T,ok,7,,,10
2206.T,ok,7,,,10
2207.T,ok,7,,,10
2208.T,ok,7,,,10
2209.T,ok,7,,,10
220A.T,ok,7,,,10
2211.T,ok,7,,,10
2212.T,ok,7,,,10
2215.T,ok,7,,,10
2216.T,ok,7,,,10
2217.T,ok,7,,,10
2220.T,ok,7,,,11
2221.T,ok,7,,,11
2222.T,ok,7,,,11
2224.T,ok,7,,,11
2226.T,ok,7,,,11
2229.T,ok,7,,,11
2264.T,ok,7,,,11
2266.T,ok,7,,,11
2267.T,ok,7,,,11
2268.T,ok,7,,,11
2269.T,ok,7,,,11
2270.T,ok,7,,,11
2281.T,ok,7,,,11
2282.T,ok,7,,,11
2286.T,ok,7,,,11
2288.T,ok,7,,,11
228A.T,ok,7,,,11
2291.T,ok,7,,,11
2292.T,ok,7,,,11
2293.T,ok,7,,,11
2294.T,ok,7,,,11
2296.T,ok,7,,,11
2300.T,ok,7,,,11
2301.T,ok,7,,,11
2303.T,ok,7,,,11
2304.T,ok,7,,,12
2305.T,ok,7,,,12
2307.T,ok,7,,,12
2311.T,ok,7,,,12
2315.T,ok,7,,,12
2317.T,ok,7,,,12
2321.T,ok,7,,,12
2323.T,ok,7,,,12
2325.T,ok,7,,,12
2326.T,ok,7,,,12
2327.T,ok,7,,,12
2329.T,ok,7,,,12
2330.T,ok,7,,,12
2331.T,ok,7,,,12
2332.T,ok,7,,,12
2334.T,ok,7,,,12
2335.T,ok,7,,,12
2337.T,ok,7,,,12
2338.T,ok,7,,,12
2340.T,ok,7,,,12
2341.T,ok,7,,,12
2342.T,ok,7,,,12
2344.T,no_bars,0,YAHOO-NO-BARS,Yahoo returned no OHLCV bars for this symbol.,12
2345.T,ok,7,,,12
2349.T,ok,7,,,12
2351.T,ok,7,,,13
2353.T,ok,7,,,13
2354.T,ok,7,,,13
2359.T,ok,7,,,13
2370.T,ok,7,,,13
2371.T,ok,7,,,13
2373.T,ok,7,,,13
2375.T,ok,7,,,13
2376.T,ok,7,,,13
2378.T,ok,7,,,13
2379.T,ok,7,,,13
2384.T,ok,7,,,13
2385.T,ok,7,,,13
2388.T,ok,7,,,13
2391.T,ok,7,,,13
2393.T,ok,7,,,13
2395.T,ok,7,,,13
2404.T,ok,7,,,13
2408.T,ok,7,,,13
2410.T,ok,7,,,13
2411.T,ok,7,,,13
2413.T,ok,7,,,13
2415.T,ok,7,,,13
2418.T,ok,7,,,13
241A.T,ok,7,,,13
2424.T,ok,7,,,14
2425.T,ok,7,,,14
2428.T,ok,7,,,14
2429.T,ok,7,,,14
2432.T,ok,7,,,14
2433.T,ok,7,,,14
2435.T,ok,7,,,14
2436.T,ok,7,,,14
2437.T,ok,7,,,14
2438.T,ok,7,,,14
2440.T,ok,7,,,14
2445.T,ok,7,,,14
2449.T,ok,7,,,14
244A.T,ok,7,,,14
2454.T,ok,7,,,14
2459.T,ok,7,,,14
245A.T,ok,7,,,14
2461.T,ok,7,,,14
2462.T,ok,7,,,14
2464.T,ok,7,,,14
2469.T,ok,7,,,14
246A.T,ok,7,,,14
2471.T,ok,7,,,14
2475.T,ok,7,,,14
2477.T,ok,7,,,14
2479.T,ok,7,,,15
247A.T,ok,7,,,15
2480.T,ok,7,,,15
2481.T,ok,7,,,15
2483.T,ok,7,,,15
2484.T,ok,7,,,15
2485.T,ok,7,,,15
2488.T,ok,7,,,15
2489.T,ok,7,,,15
248A.T,ok,7,,,15
2491.T,ok,7,,,15
2492.T,ok,7,,,15
2493.T,ok,7,,,15
2497.T,ok,7,,,15
2498.T,ok,7,,,15
2499.T,ok,7,,,15
2501.T,ok,7,,,15
2503.T,ok,7,,,15
250A.T,ok,7,,,15
2531.T,ok,7,,,15
2533.T,ok,7,,,15
253A.T,ok,7,,,15
2540.T,ok,7,,,15
254A.T,ok,7,,,15
255A.T,ok,7,,,15
256A.T,ok,7,,,16
2573.T,ok,7,,,16
2579.T,ok,7,,,16
2585.T,ok,7,,,16
2586.T,ok,7,,,16
2587.T,ok,7,,,16
2588.T,ok,7,,,16
2590.T,ok,7,,,16
2593.T,ok,7,,,16
2594.T,ok,7,,,16
2597.T,ok,7,,,16
2602.T,ok,7,,,16
2607.T,ok,7,,,16
2612.T,ok,7,,,16
2613.T,ok,7,,,16
261A.T,ok,7,,,16
262A.T,ok,7,,,16
264A.T,ok,7,,,16
2652.T,ok,7,,,16
2653.T,ok,7,,,16
2654.T,ok,7,,,16
2656.T,ok,7,,,16
2659.T,ok,7,,,16
265A.T,ok,7,,,16
2664.T,ok,7,,,16
2666.T,ok,7,,,17
2667.T,ok,7,,,17
2668.T,ok,7,,,17
2669.T,ok,7,,,17
2670.T,ok,7,,,17
2673.T,ok,7,,,17
2674.T,ok,7,,,17
2676.T,ok,7,,,17
2678.T,ok,7,,,17
2681.T,ok,7,,,17
2683.T,ok,7,,,17
2685.T,ok,7,,,17
2686.T,ok,7,,,17
2687.T,ok,7,,,17
2689.T,ok,7,,,17
268A.T,ok,7,,,17
2692.T,ok,6,,,17
2693.T,ok,7,,,17
2694.T,ok,7,,,17
2695.T,ok,7,,,17
2698.T,ok,7,,,17
269A.T,ok,7,,,17
2700.T,ok,7,,,17
2702.T,ok,7,,,17
2705.T,ok,7,,,17
2708.T,ok,7,,,18
2721.T,ok,7,,,18
2722.T,ok,7,,,18
2726.T,ok,7,,,18
2730.T,ok,7,,,18
2733.T,ok,7,,,18
2734.T,ok,7,,,18
2735.T,ok,7,,,18
2736.T,ok,7,,,18
2737.T,ok,7,,,18
2742.T,ok,7,,,18
2747.T,ok,7,,,18
2749.T,ok,7,,,18
274A.T,ok,7,,,18
2750.T,ok,7,,,18
2751.T,ok,7,,,18
2752.T,ok,7,,,18
2753.T,ok,7,,,18
2760.T,ok,7,,,18
2762.T,ok,7,,,18
2763.T,ok,7,,,18
2764.T,ok,7,,,18
2767.T,ok,7,,,18
2768.T,ok,7,,,18
2769.T,ok,7,,,18
276A.T,ok,7,,,19
2776.T,ok,7,,,19
2778.T,ok,7,,,19
277A.T,ok,7,,,19
2780.T,ok,7,,,19
2782.T,ok,7,,,19
2784.T,ok,7,,,19
2788.T,ok,7,,,19
2789.T,ok,7,,,19
278A.T,ok,7,,,19
2790.T,ok,7,,,19
2791.T,ok,7,,,19
2792.T,ok,7,,,19
2795.T,ok,7,,,19
2796.T,ok,7,,,19
2798.T,ok,7,,,19
2801.T,ok,7,,,19
2804.T,ok,7,,,19
2805.T,ok,7,,,19
2806.T,ok,7,,,19
2809.T,ok,7,,,19
280A.T,ok,7,,,19
2810.T,ok,7,,,19
2811.T,ok,7,,,19
2813.T,ok,7,,,19
2814.T,ok,7,,,20
2815.T,ok,7,,,20
2816.T,ok,7,,,20
2818.T,ok,7,,,20
2819.T,ok,7,,,20
281A.T,ok,7,,,20
2820.T,ok,7,,,20
2831.T,ok,7,,,20
285A.T,ok,7,,,20
286A.T,ok,7,,,20
2871.T,ok,7,,,20
2872.T,ok,7,,,20
2874.T,ok,7,,,20
2875.T,ok,7,,,20
2876.T,ok,7,,,20
2877.T,ok,7,,,20
287A.T,ok,7,,,20
2882.T,ok,7,,,20
2883.T,ok,7,,,20
2884.T,ok,7,,,20
288A.T,ok,7,,,20
2892.T,ok,7,,,20
2894.T,ok,7,,,20
2897.T,ok,7,,,20
2901.T,ok,7,,,20
2903.T,ok,7,,,21
2904.T,ok,7,,,21
2907.T,ok,7,,,21
2908.T,ok,7,,,21
290A.T,ok,7,,,21
2910.T,ok,7,,,21
2911.T,ok,7,,,21
2915.T,ok,7,,,21
2916.T,ok,7,,,21
2917.T,ok,7,,,21
2918.T,ok,7,,,21
291A.T,ok,7,,,21
2922.T,ok,7,,,21
2923.T,ok,7,,,21
2924.T,ok,7,,,21
2926.T,ok,7,,,21
2927.T,ok,7,,,21
2929.T,ok,7,,,21
2930.T,ok,7,,,21
2931.T,ok,7,,,21
2932.T,ok,7,,,21
2933.T,ok,7,,,21
2934.T,ok,7,,,21
2935.T,ok,7,,,21
2936.T,ok,7,,,21
2937.T,ok,7,,,22
2938.T,ok,7,,,22
2961.T,ok,7,,,22
2962.T,ok,7,,,22
296A.T,ok,7,,,22
2970.T,ok,7,,,22
2975.T,ok,7,,,22
2978.T,ok,7,,,22
297A.T,ok,7,,,22
2980.T,ok,7,,,22
2981.T,ok,7,,,22
2982.T,ok,7,,,22
2983.T,ok,7,,,22
2984.T,ok,7,,,22
2986.T,ok,7,,,22
298A.T,ok,7,,,22
2991.T,ok,7,,,22
2993.T,ok,7,,,22
2997.T,ok,7,,,22
2998.T,ok,7,,,22
2999.T,ok,7,,,22
299A.T,ok,7,,,22
3001.T,ok,7,,,22
3002.T,ok,7,,,22
3003.T,ok,7,,,22
3004.T,ok,7,,,23
300A.T,ok,7,,,23
3010.T,ok,7,,,23
3011.T,ok,7,,,23
3020.T,ok,7,,,23
3021.T,ok,7,,,23
3023.T,ok,7,,,23
3024.T,ok,7,,,23
3028.T,ok,7,,,23
302A.T,ok,7,,,23
3030.T,ok,7,,,23
3031.T,ok,7,,,23
3034.T,ok,7,,,23
3035.T,ok,7,,,23
3036.T,ok,7,,,23
3038.T,ok,7,,,23
303A.T,ok,7,,,23
3040.T,ok,7,,,23
3041.T,ok,7,,,23
3042.T,ok,7,,,23
3045.T,ok,7,,,23
3046.T,ok,7,,,23
3048.T,ok,7,,,23
304A.T,ok,7,,,23
3050.T,ok,7,,,23
3053.T,ok,7,,,24
3054.T,ok,7,,,24
3058.T,ok,7,,,24
3059.T,ok,7,,,24
3063.T,ok,7,,,24
3064.T,ok,7,,,24
3065.T,ok,7,,,24
3067.T,ok,7,,,24
3068.T,ok,7,,,24
3069.T,ok,7,,,24
3070.T,ok,7,,,24
3071.T,ok,7,,,24
3075.T,ok,7,,,24
3076.T,ok,7,,,24
3077.T,ok,7,,,24
3079.T,ok,7,,,24
3080.T,ok,7,,,24
3082.T,ok,7,,,24
3083.T,ok,7,,,24
3086.T,ok,7,,,24
3087.T,ok,7,,,24
3088.T,ok,7,,,24
3089.T,ok,7,,,24
3091.T,ok,7,,,24
3093.T,ok,7,,,24
3096.T,ok,7,,,25
3097.T,ok,7,,,25
3099.T,ok,7,,,25
3101.T,ok,7,,,25
3103.T,ok,7,,,25
3104.T,ok,7,,,25
3105.T,ok,7,,,25
3106.T,ok,7,,,25
3107.T,ok,7,,,25
3109.T,ok,7,,,25
3110.T,ok,7,,,25
3111.T,ok,7,,,25
3113.T,ok,7,,,25
3116.T,ok,7,,,25
3121.T,ok,7,,,25
3123.T,ok,7,,,25
3131.T,ok,7,,,25
3132.T,ok,7,,,25
3133.T,ok,7,,,25
3134.T,ok,7,,,25
3135.T,ok,7,,,25
3137.T,ok,7,,,25
3138.T,ok,7,,,25
3139.T,ok,7,,,25
3140.T,ok,7,,,25
3143.T,ok,7,,,26
3148.T,ok,7,,,26
3150.T,ok,7,,,26
3151.T,ok,7,,,26
3153.T,ok,7,,,26
3154.T,ok,7,,,26
3156.T,ok,7,,,26
3157.T,ok,7,,,26
3159.T,ok,7,,,26
3160.T,ok,7,,,26
3161.T,ok,7,,,26
3166.T,ok,7,,,26
3167.T,ok,7,,,26
3168.T,ok,7,,,26
3169.T,ok,7,,,26
3172.T,ok,7,,,26
3173.T,ok,7,,,26
3174.T,ok,7,,,26
3175.T,ok,7,,,26
3176.T,ok,7,,,26
3177.T,ok,7,,,26
3178.T,ok,7,,,26
3179.T,ok,7,,,26
3180.T,ok,7,,,26
3181.T,ok,7,,,26
3182.T,ok,7,,,27
3183.T,ok,7,,,27
3184.T,ok,7,,,27
3185.T,ok,7,,,27
3186.T,ok,7,,,27
3187.T,ok,7,,,27
3189.T,ok,7,,,27
3190.T,ok,7,,,27
3191.T,ok,7,,,27
3192.T,ok,7,,,27
3193.T,ok,7,,,27
3195.T,ok,7,,,27
3196.T,ok,7,,,27
3197.T,ok,7,,,27
3198.T,ok,7,,,27
3199.T,ok,7,,,27
319A.T,ok,7,,,27
3201.T,ok,7,,,27
3202.T,ok,7,,,27
3204.T,ok,7,,,27
3205.T,ok,7,,,27
3221.T,ok,7,,,27
3222.T,ok,7,,,27
3223.T,ok,7,,,27
3224.T,ok,7,,,27
3231.T,ok,7,,,28
3232.T,ok,7,,,28
3236.T,ok,7,,,28
3237.T,ok,7,,,28
3238.T,ok,7,,,28
323A.T,ok,7,,,28
3241.T,ok,7,,,28
3242.T,ok,7,,,28
3245.T,ok,7,,,28
3246.T,ok,7,,,28
3248.T,ok,7,,,28
324A.T,ok,7,,,28
3252.T,ok,7,,,28
325A.T,ok,7,,,28
3261.T,ok,7,,,28
3266.T,ok,7,,,28
3267.T,ok,7,,,28
3271.T,ok,7,,,28
3276.T,ok,7,,,28
3277.T,ok,7,,,28
3280.T,ok,7,,,28
3284.T,ok,7,,,28
3286.T,ok,7,,,28
3288.T,ok,7,,,28
3289.T,ok,7,,,28
3291.T,ok,7,,,29
3293.T,ok,7,,,29
3294.T,ok,7,,,29
3297.T,ok,7,,,29
3299.T,ok,7,,,29
3300.T,ok,7,,,29
3302.T,ok,7,,,29
3306.T,ok,7,,,29
330A.T,ok,7,,,29
3315.T,ok,7,,,29
3317.T,ok,7,,,29
331A.T,ok,7,,,29
3320.T,ok,7,,,29
3321.T,ok,7,,,29
3323.T,ok,7,,,29
3326.T,ok,7,,,29
3329.T,ok,7,,,29
332A.T,ok,7,,,29
3333.T,ok,7,,,29
3349.T,ok,7,,,29
334A.T,ok,7,,,29
3350.T,ok,7,,,29
3352.T,ok,7,,,29
3353.T,ok,7,,,29
3355.T,ok,7,,,29
3358.T,ok,7,,,30
3359.T,ok,7,,,30
335A.T,ok,7,,,30
3360.T,ok,7,,,30
3361.T,ok,7,,,30
336A.T,ok,7,,,30
3370.T,ok,7,,,30
3371.T,ok,7,,,30
3372.T,ok,7,,,30
3374.T,ok,7,,,30
3375.T,ok,7,,,30
3377.T,ok,7,,,30
3386.T,ok,7,,,30
3387.T,ok,7,,,30
3388.T,ok,7,,,30
338A.T,ok,7,,,30
3391.T,ok,7,,,30
3392.T,ok,7,,,30
3393.T,ok,7,,,30
3395.T,ok,7,,,30
3396.T,ok,7,,,30
3397.T,ok,7,,,30
3399.T,ok,7,,,30
339A.T,ok,7,,,30
3401.T,ok,7,,,30
3405.T,ok,7,,,31
3409.T,ok,7,,,31
340A.T,ok,7,,,31
3415.T,ok,7,,,31
3416.T,ok,7,,,31
3417.T,ok,7,,,31
3418.T,ok,7,,,31
341A.T,ok,7,,,31
3420.T,ok,7,,,31
3421.T,ok,7,,,31
3422.T,ok,7,,,31
3423.T,ok,7,,,31
3426.T,ok,7,,,31
3431.T,ok,7,,,31
3433.T,ok,7,,,31
3434.T,ok,7,,,31
3435.T,ok,7,,,31
3436.T,ok,7,,,31
3437.T,ok,7,,,31
3439.T,ok,7,,,31
343A.T,ok,7,,,31
3440.T,ok,7,,,31
3441.T,ok,7,,,31
3443.T,ok,7,,,31
3444.T,ok,7,,,31
3445.T,ok,7,,,32
3446.T,ok,7,,,32
3447.T,ok,7,,,32
3449.T,ok,7,,,32
3452.T,ok,7,,,32
3454.T,ok,7,,,32
3457.T,ok,7,,,32
3461.T,ok,7,,,32
3465.T,ok,7,,,32
3467.T,ok,7,,,32
3469.T,ok,7,,,32
3474.T,ok,7,,,32
3475.T,ok,7,,,32
3477.T,ok,7,,,32
3479.T,ok,7,,,32
3480.T,ok,7,,,32
3482.T,ok,7,,,32
3484.T,ok,7,,,32
3486.T,ok,7,,,32
3489.T,ok,7,,,32
3490.T,ok,7,,,32
3491.T,ok,7,,,32
3494.T,ok,7,,,32
3495.T,ok,7,,,32
3496.T,ok,7,,,32
3498.T,ok,7,,,33
3501.T,ok,7,,,33
350A.T,ok,7,,,33
3512.T,ok,7,,,33
3513.T,ok,7,,,33
3521.T,ok,7,,,33
3524.T,ok,7,,,33
3529.T,ok,7,,,33
352A.T,ok,7,,,33
3536.T,ok,7,,,33
3537.T,ok,7,,,33
3538.T,ok,7,,,33
3539.T,ok,7,,,33
3542.T,ok,7,,,33
3543.T,ok,7,,,33
3544.T,ok,7,,,33
3546.T,ok,7,,,33
3547.T,ok,7,,,33
3548.T,ok,7,,,33
3549.T,ok,7,,,33
3550.T,ok,7,,,33
3551.T,ok,7,,,33
3553.T,ok,7,,,33
3556.T,ok,7,,,33
3557.T,ok,7,,,33
3558.T,ok,7,,,34
3559.T,ok,7,,,34
3560.T,ok,7,,,34
3561.T,ok,7,,,34
3562.T,ok,7,,,34
3563.T,ok,7,,,34
3565.T,ok,7,,,34
3566.T,ok,7,,,34
3569.T,ok,7,,,34
3571.T,ok,7,,,34
3577.T,ok,7,,,34
3580.T,ok,7,,,34
3583.T,ok,7,,,34
3591.T,ok,7,,,34
3593.T,ok,6,,,34
3597.T,ok,7,,,34
3598.T,ok,7,,,34
3600.T,ok,7,,,34
3607.T,ok,7,,,34
3608.T,ok,7,,,34
3611.T,ok,7,,,34
3612.T,ok,7,,,34
3622.T,ok,7,,,34
3623.T,ok,7,,,34
3624.T,ok,7,,,34
3625.T,ok,7,,,35
3626.T,ok,7,,,35
3627.T,ok,7,,,35
3628.T,ok,7,,,35
3632.T,ok,7,,,35
3633.T,ok,7,,,35
3634.T,ok,7,,,35
3635.T,ok,7,,,35
3636.T,ok,7,,,35
3639.T,ok,7,,,35
3640.T,ok,7,,,35
3641.T,ok,7,,,35
3645.T,ok,7,,,35
3646.T,ok,7,,,35
3647.T,ok,7,,,35
3648.T,ok,7,,,35
3649.T,ok,7,,,35
3652.T,ok,7,,,35
3653.T,ok,7,,,35
3656.T,ok,7,,,35
3657.T,ok,7,,,35
3659.T,ok,7,,,35
365A.T,ok,7,,,35
3660.T,ok,7,,,35
3661.T,ok,7,,,35
3662.T,ok,7,,,36
3663.T,ok,7,,,36
3664.T,ok,7,,,36
3665.T,ok,7,,,36
3667.T,ok,7,,,36
3668.T,ok,7,,,36
366A.T,ok,7,,,36
3670.T,ok,7,,,36
3671.T,ok,7,,,36
3672.T,ok,7,,,36
3673.T,ok,7,,,36
3674.T,ok,7,,,36
3675.T,ok,7,,,36
3676.T,ok,7,,,36
3678.T,ok,7,,,36
3679.T,ok,7,,,36
367A.T,ok,7,,,36
3680.T,ok,7,,,36
3681.T,ok,7,,,36
3682.T,ok,7,,,36
3683.T,ok,7,,,36
3686.T,ok,7,,,36
3687.T,ok,7,,,36
368A.T,ok,7,,,36
3690.T,ok,7,,,36
3691.T,ok,7,,,37
3692.T,ok,7,,,37
3694.T,ok,7,,,37
3695.T,ok,7,,,37
3696.T,ok,7,,,37
3697.T,ok,7,,,37
3698.T,ok,7,,,37
369A.T,ok,7,,,37
3708.T,ok,7,,,37
3710.T,ok,7,,,37
3712.T,ok,7,,,37
3719.T,ok,7,,,37
3723.T,ok,7,,,37
3726.T,ok,7,,,37
3727.T,ok,7,,,37
372A.T,ok,7,,,37
3733.T,ok,7,,,37
373A.T,ok,7,,,37
3741.T,ok,7,,,37
3744.T,ok,7,,,37
3747.T,ok,7,,,37
3750.T,ok,7,,,37
3753.T,ok,7,,,37
3758.T,ok,7,,,37
3760.T,ok,7,,,37
3762.T,ok,7,,,38
3763.T,ok,7,,,38
3765.T,ok,7,,,38
3766.T,ok,7,,,38
3768.T,ok,7,,,38
3769.T,ok,7,,,38
3771.T,ok,7,,,38
3772.T,ok,7,,,38
3773.T,ok,7,,,38
3774.T,ok,7,,,38
3776.T,ok,7,,,38
3777.T,ok,7,,,38
3778.T,ok,7,,,38
3779.T,ok,7,,,38
3787.T,ok,7,,,38
3788.T,ok,7,,,38
378A.T,ok,7,,,38
3791.T,ok,7,,,38
3793.T,ok,7,,,38
3796.T,ok,7,,,38
3798.T,ok,7,,,38
3799.T,ok,7,,,38
3800.T,ok,7,,,38
3802.T,ok,7,,,38
3803.T,ok,7,,,38
3804.T,ok,7,,,39
3807.T,ok,7,,,39
3810.T,ok,7,,,39
3815.T,ok,7,,,39
3816.T,ok,7,,,39
3817.T,ok,7,,,39
3823.T,ok,7,,,39
3825.T,ok,7,,,39
3826.T,ok,7,,,39
3834.T,ok,7,,,39
3835.T,ok,7,,,39
3836.T,ok,7,,,39
3837.T,ok,7,,,39
3839.T,ok,7,,,39
3840.T,ok,7,,,39
3841.T,ok,7,,,39
3842.T,ok,7,,,39
3843.T,ok,7,,,39
3844.T,ok,7,,,39
3845.T,ok,7,,,39
3848.T,ok,7,,,39
3850.T,ok,7,,,39
3851.T,ok,7,,,39
3853.T,ok,7,,,39
3854.T,ok,7,,,39
3856.T,ok,7,,,40
3858.T,ok,7,,,40
3861.T,ok,7,,,40
3863.T,ok,7,,,40
3864.T,ok,7,,,40
3865.T,ok,7,,,40
386A.T,ok,7,,,40
3877.T,ok,7,,,40
3878.T,ok,7,,,40
387A.T,ok,7,,,40
3880.T,ok,7,,,40
3891.T,ok,7,,,40
3892.T,ok,7,,,40
3895.T,ok,7,,,40
3896.T,ok,7,,,40
3900.T,ok,7,,,40
3901.T,ok,7,,,40
3903.T,ok,7,,,40
3904.T,ok,7,,,40
3905.T,ok,7,,,40
3907.T,ok,7,,,40
3908.T,ok,7,,,40
3909.T,ok,7,,,40
3910.T,ok,7,,,40
3911.T,ok,7,,,40
3912.T,ok,7,,,41
3913.T,ok,7,,,41
3914.T,ok,7,,,41
3915.T,ok,7,,,41
3916.T,ok,7,,,41
3917.T,ok,7,,,41
3918.T,ok,7,,,41
3920.T,ok,7,,,41
3921.T,ok,7,,,41
3922.T,ok,7,,,41
3923.T,ok,7,,,41
3925.T,ok,7,,,41
3926.T,ok,7,,,41
3927.T,ok,7,,,41
3928.T,ok,7,,,41
3929.T,ok,7,,,41
3930.T,ok,7,,,41
3931.T,ok,7,,,41
3932.T,ok,7,,,41
3933.T,ok,7,,,41
3934.T,ok,7,,,41
3935.T,ok,7,,,41
3936.T,ok,7,,,41
3937.T,ok,7,,,41
3939.T,ok,7,,,41
3940.T,ok,7,,,42
3941.T,ok,7,,,42
3943.T,ok,7,,,42
3944.T,ok,7,,,42
3945.T,ok,7,,,42
3946.T,ok,7,,,42
3947.T,ok,7,,,42
3948.T,ok,7,,,42
3950.T,ok,7,,,42
3951.T,ok,7,,,42
3953.T,ok,7,,,42
3954.T,ok,7,,,42
3955.T,ok,7,,,42
3958.T,ok,7,,,42
3962.T,ok,7,,,42
3963.T,ok,7,,,42
3964.T,ok,7,,,42
3965.T,ok,7,,,42
3967.T,ok,7,,,42
3968.T,ok,7,,,42
3969.T,ok,7,,,42
3970.T,ok,7,,,42
3974.T,ok,7,,,42
3976.T,ok,7,,,42
3979.T,ok,7,,,42
3981.T,ok,7,,,43
3983.T,ok,7,,,43
3984.T,ok,7,,,43
3985.T,ok,7,,,43
3986.T,ok,7,,,43
3987.T,ok,7,,,43
3988.T,ok,7,,,43
3989.T,ok,7,,,43
3991.T,ok,7,,,43
3992.T,ok,7,,,43
3993.T,ok,7,,,43
3994.T,ok,7,,,43
3996.T,ok,7,,,43
3997.T,ok,7,,,43
3998.T,ok,7,,,43
4004.T,ok,7,,,43
4008.T,ok,7,,,43
4011.T,ok,7,,,43
4012.T,ok,7,,,43
4013.T,ok,7,,,43
4014.T,ok,7,,,43
4015.T,ok,7,,,43
4016.T,ok,7,,,43
4017.T,ok,7,,,43
4019.T,ok,7,,,43
4020.T,ok,7,,,44
4021.T,ok,7,,,44
4022.T,ok,7,,,44
4023.T,ok,7,,,44
4025.T,ok,7,,,44
4026.T,ok,7,,,44
4027.T,ok,7,,,44
4028.T,ok,7,,,44
402A.T,ok,7,,,44
4031.T,ok,7,,,44
4040.T,ok,7,,,44
4041.T,ok,7,,,44
4042.T,ok,7,,,44
4043.T,ok,7,,,44
4044.T,ok,7,,,44
4045.T,ok,7,,,44
4046.T,ok,7,,,44
4047.T,ok,7,,,44
4051.T,ok,7,,,44
4052.T,ok,7,,,44
4053.T,ok,7,,,44
4054.T,ok,7,,,44
4055.T,ok,7,,,44
4056.T,ok,7,,,44
4057.T,ok,7,,,44
4058.T,ok,7,,,45
4059.T,ok,7,,,45
4060.T,ok,7,,,45
4061.T,ok,7,,,45
4062.T,ok,7,,,45
4064.T,ok,7,,,45
4068.T,ok,7,,,45
4069.T,ok,7,,,45
4071.T,ok,7,,,45
4072.T,ok,7,,,45
4073.T,ok,7,,,45
4074.T,ok,7,,,45
4075.T,ok,7,,,45
4076.T,ok,7,,,45
4078.T,ok,7,,,45
407A.T,ok,7,,,45
4082.T,ok,7,,,45
4088.T,ok,7,,,45
4091.T,ok,7,,,45
4092.T,ok,7,,,45
4093.T,ok,7,,,45
4094.T,ok,7,,,45
4095.T,ok,7,,,45
4097.T,ok,7,,,45
4098.T,ok,7,,,45
4099.T,ok,7,,,46
409A.T,ok,7,,,46
4100.T,ok,7,,,46
4102.T,ok,7,,,46
4107.T,ok,7,,,46
4109.T,ok,7,,,46
410A.T,ok,7,,,46
4112.T,ok,7,,,46
4113.T,ok,7,,,46
4114.T,ok,7,,,46
4116.T,ok,7,,,46
4118.T,ok,7,,,46
4119.T,ok,7,,,46
4120.T,ok,7,,,46
4124.T,ok,7,,,46
4125.T,ok,7,,,46
414A.T,ok,7,,,46
4151.T,ok,7,,,46
415A.T,ok,7,,,46
4165.T,ok,7,,,46
4166.T,ok,7,,,46
4167.T,ok,7,,,46
4168.T,ok,7,,,46
4169.T,ok,7,,,46
416A.T,ok,7,,,46
4170.T,ok,7,,,47
4171.T,ok,7,,,47
4172.T,ok,7,,,47
4174.T,ok,7,,,47
4175.T,ok,7,,,47
4176.T,ok,7,,,47
4177.T,ok,7,,,47
4178.T,ok,7,,,47
4179.T,ok,7,,,47
417A.T,ok,7,,,47
4180.T,ok,7,,,47
4182.T,ok,7,,,47
4186.T,ok,7,,,47
4187.T,ok,7,,,47
4189.T,ok,7,,,47
4192.T,ok,7,,,47
4193.T,ok,7,,,47
4194.T,ok,7,,,47
4196.T,ok,7,,,47
4197.T,ok,7,,,47
4198.T,ok,7,,,47
4199.T,ok,7,,,47
4202.T,ok,7,,,47
4203.T,ok,7,,,47
4204.T,ok,7,,,47
4205.T,ok,7,,,48
4206.T,ok,7,,,48
4208.T,ok,7,,,48
4212.T,ok,7,,,48
4216.T,ok,7,,,48
4218.T,ok,7,,,48
421A.T,ok,7,,,48
4220.T,ok,7,,,48
4221.T,ok,7,,,48
4222.T,ok,7,,,48
4224.T,ok,7,,,48
4228.T,ok,7,,,48
4229.T,ok,7,,,48
4231.T,ok,7,,,48
4234.T,ok,7,,,48
4235.T,ok,7,,,48
4237.T,ok,7,,,48
4238.T,ok,7,,,48
423A.T,ok,7,,,48
4240.T,ok,7,,,48
4241.T,ok,7,,,48
4242.T,ok,7,,,48
4243.T,ok,7,,,48
4245.T,ok,7,,,48
4246.T,ok,7,,,48
4247.T,ok,7,,,49
4248.T,ok,7,,,49
4249.T,ok,7,,,49
4251.T,ok,7,,,49
4255.T,ok,7,,,49
4256.T,ok,7,,,49
4258.T,ok,7,,,49
4259.T,ok,7,,,49
4260.T,ok,7,,,49
4261.T,ok,7,,,49
4262.T,ok,7,,,49
4263.T,ok,7,,,49
4264.T,ok,7,,,49
4265.T,ok,7,,,49
4270.T,ok,7,,,49
4272.T,ok,7,,,49
4274.T,ok,7,,,49
4275.T,ok,7,,,49
4284.T,ok,7,,,49
4286.T,ok,7,,,49
4287.T,ok,7,,,49
4288.T,ok,7,,,49
428A.T,ok,7,,,49
4290.T,ok,7,,,49
4293.T,ok,7,,,49
4299.T,ok,7,,,50
429A.T,ok,7,,,50
4301.T,ok,7,,,50
4307.T,ok,7,,,50
4308.T,ok,7,,,50
4310.T,ok,7,,,50
4316.T,ok,7,,,50
4317.T,ok,7,,,50
4318.T,ok,7,,,50
431A.T,ok,7,,,50
4320.T,ok,7,,,50
4323.T,ok,7,,,50
4324.T,ok,7,,,50
4326.T,ok,7,,,50
4331.T,ok,7,,,50
4334.T,ok,7,,,50
4335.T,ok,7,,,50
4337.T,ok,7,,,50
4341.T,ok,7,,,50
4343.T,ok,7,,,50
4344.T,ok,7,,,50
4345.T,ok,7,,,50
4346.T,ok,7,,,50
4347.T,ok,7,,,50
4350.T,ok,7,,,50
4351.T,ok,7,,,51
4356.T,ok,7,,,51
4360.T,ok,7,,,51
4361.T,ok,7,,,51
4362.T,ok,7,,,51
4365.T,ok,5,,,51
4366.T,ok,7,,,51
4367.T,ok,7,,,51
4368.T,ok,7,,,51
4369.T,ok,7,,,51
436A.T,ok,7,,,51
4370.T,ok,7,,,51
4371.T,ok,7,,,51
4372.T,ok,7,,,51
4373.T,ok,7,,,51
4374.T,ok,7,,,51
4375.T,ok,7,,,51
4376.T,ok,7,,,51
4377.T,ok,7,,,51
4378.T,ok,7,,,51
4379.T,ok,7,,,51
4380.T,ok,7,,,51
4381.T,ok,7,,,51
4382.T,ok,7,,,51
4384.T,ok,7,,,51
4385.T,ok,7,,,52
4386.T,ok,7,,,52
4387.T,ok,7,,,52
4388.T,ok,7,,,52
4389.T,ok,7,,,52
438A.T,ok,7,,,52
4390.T,ok,7,,,52
4391.T,ok,7,,,52
4392.T,ok,7,,,52
4393.T,ok,7,,,52
4394.T,ok,7,,,52
4395.T,ok,7,,,52
4396.T,ok,7,,,52
4397.T,ok,7,,,52
4398.T,ok,7,,,52
4401.T,ok,7,,,52
4403.T,ok,7,,,52
4404.T,ok,7,,,52
4406.T,ok,7,,,52
4409.T,ok,7,,,52
4410.T,ok,7,,,52
4412.T,ok,7,,,52
4413.T,ok,7,,,52
4414.T,ok,7,,,52
4415.T,ok,7,,,52
4416.T,ok,7,,,53
4417.T,ok,7,,,53
4418.T,ok,7,,,53
4419.T,ok,7,,,53
441A.T,ok,7,,,53
4420.T,ok,7,,,53
4421.T,ok,7,,,53
4422.T,ok,7,,,53
4424.T,ok,7,,,53
4425.T,ok,7,,,53
4427.T,ok,7,,,53
4428.T,ok,7,,,53
4429.T,ok,7,,,53
442A.T,ok,7,,,53
4430.T,ok,7,,,53
4431.T,ok,7,,,53
4432.T,ok,7,,,53
4433.T,ok,7,,,53
4434.T,ok,7,,,53
4436.T,ok,7,,,53
4437.T,ok,7,,,53
4438.T,ok,7,,,53
4439.T,ok,7,,,53
4440.T,ok,7,,,53
4441.T,ok,7,,,53
4442.T,ok,7,,,54
4443.T,ok,7,,,54
4444.T,ok,7,,,54
4445.T,ok,7,,,54
4446.T,ok,7,,,54
4447.T,ok,7,,,54
4448.T,ok,7,,,54
4449.T,ok,7,,,54
4450.T,ok,7,,,54
4461.T,ok,7,,,54
4462.T,ok,7,,,54
4463.T,ok,7,,,54
4464.T,ok,7,,,54
4465.T,ok,7,,,54
446A.T,ok,7,,,54
4471.T,ok,7,,,54
4475.T,ok,7,,,54
4476.T,ok,7,,,54
4477.T,ok,7,,,54
4478.T,ok,7,,,54
4479.T,ok,7,,,54
4480.T,ok,7,,,54
4481.T,ok,7,,,54
4482.T,ok,7,,,54
4483.T,ok,7,,,54
4484.T,ok,7,,,55
4486.T,ok,7,,,55
4487.T,ok,7,,,55
4488.T,ok,7,,,55
4490.T,ok,7,,,55
4491.T,ok,7,,,55
4492.T,ok,7,,,55
4493.T,ok,7,,,55
4494.T,ok,7,,,55
4495.T,ok,7,,,55
4496.T,ok,7,,,55
4498.T,ok,7,,,55
4499.T,ok,7,,,55
4506.T,ok,7,,,55
4507.T,ok,7,,,55
4512.T,ok,7,,,55
4516.T,ok,7,,,55
4521.T,ok,7,,,55
4524.T,ok,7,,,55
4526.T,ok,7,,,55
4527.T,ok,7,,,55
4528.T,ok,7,,,55
4530.T,no_bars,0,YAHOO-NO-BARS,Yahoo returned no OHLCV bars for this symbol.,55
4531.T,ok,7,,,55
4534.T,ok,7,,,55
4536.T,ok,7,,,56
4538.T,ok,7,,,56
4539.T,ok,7,,,56
4540.T,ok,7,,,56
4543.T,ok,7,,,56
4544.T,ok,7,,,56
4547.T,ok,7,,,56
4548.T,ok,7,,,56
4549.T,ok,7,,,56
4552.T,ok,7,,,56
4553.T,ok,7,,,56
4554.T,ok,7,,,56
4556.T,ok,7,,,56
4558.T,ok,7,,,56
4559.T,ok,7,,,56
4563.T,ok,7,,,56
4564.T,ok,7,,,56
4565.T,ok,7,,,56
4569.T,ok,7,,,56
456A.T,ok,7,,,56
4570.T,ok,7,,,56
4571.T,ok,7,,,56
4572.T,ok,7,,,56
4574.T,ok,7,,,56
4575.T,ok,7,,,56
4576.T,ok,7,,,57
4577.T,ok,7,,,57
4578.T,ok,7,,,57
4579.T,ok,7,,,57
4582.T,ok,7,,,57
4583.T,ok,7,,,57
4584.T,ok,7,,,57
4586.T,ok,7,,,57
4587.T,ok,7,,,57
4588.T,ok,7,,,57
4591.T,ok,7,,,57
4592.T,ok,7,,,57
4593.T,ok,7,,,57
4594.T,ok,7,,,57
4595.T,ok,7,,,57
4596.T,ok,7,,,57
4597.T,ok,7,,,57
4598.T,ok,7,,,57
4599.T,ok,7,,,57
460A.T,ok,7,,,57
4611.T,ok,7,,,57
4612.T,ok,7,,,57
4613.T,ok,7,,,57
4615.T,ok,7,,,57
4616.T,ok,7,,,57
4617.T,ok,7,,,58
4619.T,ok,7,,,58
4620.T,ok,7,,,58
4623.T,ok,7,,,58
4624.T,ok,7,,,58
4625.T,ok,7,,,58
4626.T,ok,7,,,58
4627.T,ok,7,,,58
4628.T,ok,7,,,58
4629.T,ok,7,,,58
462A.T,ok,7,,,58
4631.T,ok,7,,,58
4633.T,ok,7,,,58
4634.T,ok,7,,,58
4635.T,ok,7,,,58
463A.T,ok,7,,,58
4641.T,ok,7,,,58
4642.T,ok,7,,,58
4644.T,ok,7,,,58
4645.T,ok,7,,,58
464A.T,ok,7,,,58
4650.T,ok,7,,,58
4651.T,ok,7,,,58
4657.T,ok,7,,,58
4658.T,ok,7,,,58
4659.T,ok,7,,,59
4662.T,ok,7,,,59
4664.T,ok,7,,,59
4665.T,ok,7,,,59
4666.T,ok,7,,,59
4667.T,ok,7,,,59
4668.T,ok,7,,,59
4671.T,ok,7,,,59
4673.T,ok,7,,,59
4674.T,ok,7,,,59
4676.T,ok,7,,,59
4678.T,ok,7,,,59
4679.T,ok,7,,,59
4680.T,ok,7,,,59
4681.T,ok,7,,,59
4684.T,ok,7,,,59
4685.T,ok,7,,,59
4686.T,ok,7,,,59
4687.T,ok,7,,,59
4691.T,ok,7,,,59
4694.T,ok,7,,,59
469A.T,ok,7,,,59
4705.T,ok,7,,,59
4707.T,ok,7,,,59
4709.T,ok,7,,,59
4712.T,ok,7,,,60
4714.T,ok,7,,,60
4716.T,ok,7,,,60
4718.T,ok,7,,,60
4719.T,ok,7,,,60
471A.T,ok,7,,,60
4720.T,ok,7,,,60
4722.T,ok,7,,,60
4725.T,ok,7,,,60
4728.T,ok,7,,,60
472A.T,ok,7,,,60
4732.T,ok,7,,,60
4733.T,ok,7,,,60
4735.T,ok,7,,,60
4736.T,ok,7,,,60
4743.T,ok,7,,,60
4746.T,ok,7,,,60
4750.T,ok,7,,,60
4751.T,ok,7,,,60
4752.T,ok,7,,,60
4754.T,ok,7,,,60
475A.T,ok,7,,,60
4760.T,ok,7,,,60
4761.T,ok,7,,,60
4762.T,ok,7,,,60
4763.T,ok,7,,,61
4765.T,ok,7,,,61
4766.T,ok,7,,,61
4767.T,ok,7,,,61
4768.T,ok,7,,,61
4769.T,ok,7,,,61
476A.T,ok,7,,,61
4771.T,ok,7,,,61
4772.T,ok,7,,,61
4776.T,ok,7,,,61
4777.T,ok,7,,,61
477A.T,ok,7,,,61
4783.T,ok,7,,,61
4784.T,ok,7,,,61
478A.T,ok,7,,,61
4792.T,ok,7,,,61
479A.T,ok,7,,,61
4800.T,ok,7,,,61
4801.T,ok,7,,,61
4809.T,ok,7,,,61
480A.T,ok,7,,,61
4811.T,ok,7,,,61
4812.T,ok,7,,,61
4813.T,ok,7,,,61
4814.T,ok,7,,,61
4816.T,ok,7,,,62
4819.T,ok,7,,,62
4820.T,ok,7,,,62
4825.T,ok,7,,,62
4826.T,ok,7,,,62
4828.T,ok,7,,,62
4829.T,ok,7,,,62
4832.T,ok,7,,,62
4833.T,ok,7,,,62
4838.T,ok,7,,,62
4839.T,ok,7,,,62
483A.T,ok,7,,,62
4840.T,ok,7,,,62
4845.T,ok,7,,,62
4847.T,ok,7,,,62
4848.T,ok,7,,,62
4849.T,ok,7,,,62
485A.T,ok,7,,,62
4875.T,ok,7,,,62
4880.T,ok,7,,,62
4881.T,ok,7,,,62
4882.T,ok,7,,,62
4883.T,ok,7,,,62
4884.T,ok,7,,,62
4885.T,ok,7,,,62
4886.T,ok,7,,,63
4887.T,ok,7,,,63
4888.T,ok,7,,,63
4889.T,ok,7,,,63
4890.T,ok,7,,,63
4891.T,ok,7,,,63
4892.T,ok,7,,,63
4893.T,ok,7,,,63
4894.T,ok,7,,,63
4896.T,ok,7,,,63
4902.T,ok,7,,,63
4912.T,ok,7,,,63
4914.T,ok,7,,,63
4917.T,ok,6,,,63
4918.T,ok,7,,,63
4919.T,ok,7,,,63
4920.T,ok,7,,,63
4922.T,ok,7,,,63
4923.T,ok,7,,,63
4925.T,ok,7,,,63
4926.T,ok,7,,,63
4927.T,ok,7,,,63
4928.T,ok,7,,,63
4929.T,ok,7,,,63
4931.T,ok,7,,,63
4932.T,ok,7,,,64
4933.T,ok,7,,,64
4934.T,ok,7,,,64
4935.T,ok,7,,,64
4936.T,ok,7,,,64
4937.T,ok,7,,,64
4951.T,ok,7,,,64
4956.T,ok,7,,,64
4958.T,ok,7,,,64
4960.T,ok,7,,,64
4966.T,ok,7,,,64
4967.T,ok,7,,,64
4968.T,ok,7,,,64
4970.T,ok,7,,,64
4971.T,ok,7,,,64
4972.T,ok,7,,,64
4973.T,ok,7,,,64
4974.T,ok,7,,,64
4975.T,ok,7,,,64
4976.T,ok,7,,,64
4977.T,ok,7,,,64
4978.T,ok,7,,,64
4979.T,ok,7,,,64
4980.T,ok,7,,,64
4985.T,ok,7,,,64
4990.T,ok,7,,,65
4992.T,ok,7,,,65
4994.T,ok,7,,,65
4996.T,ok,7,,,65
4997.T,ok,7,,,65
4998.T,ok,7,,,65
500A.T,ok,7,,,65
5010.T,ok,7,,,65
5011.T,ok,7,,,65
5013.T,ok,7,,,65
5015.T,ok,7,,,65
5016.T,ok,7,,,65
5018.T,ok,7,,,65
5019.T,ok,7,,,65
5020.T,ok,7,,,65
5021.T,ok,7,,,65
5025.T,ok,7,,,65
5026.T,ok,7,,,65
5027.T,ok,7,,,65
5028.T,ok,7,,,65
5029.T,ok,7,,,65
5031.T,ok,7,,,65
5032.T,ok,7,,,65
5033.T,ok,7,,,65
5034.T,ok,7,,,65
5035.T,ok,7,,,66
5036.T,ok,7,,,66
5038.T,ok,7,,,66
504A.T,ok,7,,,66
505A.T,ok,7,,,66
5071.T,ok,7,,,66
5074.T,ok,7,,,66
5076.T,ok,7,,,66
5078.T,ok,7,,,66
5079.T,ok,7,,,66
5101.T,ok,7,,,66
5103.T,ok,7,,,66
5105.T,ok,7,,,66
5110.T,ok,7,,,66
5121.T,ok,7,,,66
5122.T,ok,7,,,66
5125.T,ok,7,,,66
5126.T,ok,7,,,66
5129.T,ok,7,,,66
5131.T,ok,7,,,66
5132.T,ok,7,,,66
5133.T,ok,7,,,66
5134.T,ok,7,,,66
5136.T,ok,7,,,66
5137.T,ok,7,,,66
5138.T,ok,7,,,67
5139.T,ok,7,,,67
5142.T,ok,7,,,67
5161.T,ok,7,,,67
5162.T,ok,7,,,67
5184.T,ok,7,,,67
5185.T,ok,7,,,67
5186.T,ok,7,,,67
5187.T,ok,7,,,67
5189.T,ok,7,,,67
5192.T,ok,7,,,67
5194.T,ok,7,,,67
5195.T,ok,7,,,67
5199.T,ok,7,,,67
519A.T,ok,7,,,67
5201.T,ok,7,,,67
5202.T,ok,7,,,67
5204.T,ok,7,,,67
5208.T,ok,7,,,67
520A.T,ok,7,,,67
5210.T,ok,7,,,67
5214.T,ok,7,,,67
5216.T,ok,7,,,67
5218.T,ok,7,,,67
5232.T,ok,7,,,67
5233.T,ok,7,,,68
5237.T,ok,7,,,68
523A.T,ok,7,,,68
5240.T,ok,7,,,68
5242.T,ok,7,,,68
5243.T,ok,7,,,68
5244.T,ok,7,,,68
5246.T,ok,7,,,68
5247.T,ok,7,,,68
5248.T,ok,7,,,68
5250.T,ok,7,,,68
5252.T,ok,7,,,68
5253.T,ok,7,,,68
5254.T,ok,7,,,68
5255.T,ok,7,,,68
5256.T,ok,7,,,68
5257.T,ok,7,,,68
5258.T,ok,7,,,68
5261.T,ok,7,,,68
5262.T,ok,7,,,68
5268.T,ok,7,,,68
5269.T,ok,7,,,68
5271.T,ok,7,,,68
5273.T,ok,7,,,68
5279.T,ok,7,,,68
5280.T,ok,7,,,69
5282.T,ok,7,,,69
5283.T,ok,7,,,69
5284.T,ok,7,,,69
5285.T,ok,7,,,69
5287.T,ok,7,,,69
5288.T,ok,7,,,69
5290.T,ok,7,,,69
5301.T,ok,7,,,69
5302.T,ok,7,,,69
5304.T,ok,7,,,69
5310.T,ok,7,,,69
5331.T,ok,7,,,69
5332.T,ok,7,,,69
5333.T,ok,7,,,69
5334.T,ok,7,,,69
5337.T,ok,7,,,69
5341.T,ok,7,,,69
5344.T,ok,7,,,69
5351.T,ok,7,,,69
5355.T,ok,7,,,69
5356.T,ok,7,,,69
5357.T,ok,7,,,69
5363.T,ok,7,,,69
5367.T,ok,7,,,69
5368.T,ok,7,,,70
5380.T,ok,7,,,70
5381.T,ok,7,,,70
5384.T,ok,7,,,70
5388.T,ok,7,,,70
5391.T,ok,7,,,70
5393.T,ok,7,,,70
5406.T,ok,7,,,70
5408.T,ok,7,,,70
5410.T,ok,7,,,70
5411.T,ok,7,,,70
5423.T,ok,7,,,70
542A.T,ok,7,,,70
543A.T,ok,7,,,70
5440.T,ok,7,,,70
5444.T,ok,7,,,70
5445.T,ok,7,,,70
5446.T,ok,7,,,70
5449.T,ok,7,,,70
544A.T,ok,7,,,70
5451.T,ok,7,,,70
5458.T,ok,7,,,70
545A.T,ok,7,,,70
5461.T,ok,7,,,70
5463.T,ok,7,,,70
5464.T,ok,7,,,71
546A.T,ok,7,,,71
5471.T,ok,7,,,71
547A.T,ok,7,,,71
5480.T,ok,7,,,71
5482.T,ok,7,,,71
5484.T,ok,7,,,71
548A.T,ok,7,,,71
5491.T,ok,7,,,71
549A.T,ok,7,,,71
550A.T,ok,7,,,71
5527.T,ok,7,,,71
5532.T,ok,7,,,71
5533.T,ok,7,,,71
5535.T,ok,7,,,71
5537.T,ok,7,,,71
5541.T,ok,7,,,71
5542.T,ok,7,,,71
554A.T,ok,7,,,71
5563.T,ok,7,,,71
556A.T,ok,7,,,71
5570.T,ok,7,,,71
5571.T,ok,7,,,71
5572.T,ok,7,,,71
5574.T,ok,7,,,71
5575.T,ok,7,,,72
5576.T,ok,7,,,72
5578.T,ok,7,,,72
5580.T,ok,7,,,72
5582.T,ok,7,,,72
5586.T,ok,7,,,72
5587.T,ok,7,,,72
5588.T,ok,7,,,72
5589.T,ok,7,,,72
558A.T,ok,7,,,72
5590.T,ok,7,,,72
5591.T,ok,7,,,72
5592.T,ok,7,,,72
5597.T,ok,7,,,72
5599.T,ok,7,,,72
559A.T,ok,7,,,72
5602.T,ok,7,,,72
5603.T,ok,7,,,72
5609.T,ok,7,,,72
5612.T,ok,7,,,72
5616.T,ok,7,,,72
5618.T,ok,7,,,72
5619.T,ok,7,,,72
5621.T,ok,7,,,72
5631.T,ok,7,,,72
5632.T,ok,7,,,73
5644.T,ok,7,,,73
5658.T,ok,7,,,73
5659.T,ok,7,,,73
5660.T,ok,7,,,73
5695.T,ok,7,,,73
5697.T,ok,7,,,73
5698.T,ok,7,,,73
5699.T,ok,7,,,73
5702.T,ok,7,,,73
5703.T,ok,7,,,73
5704.T,ok,7,,,73
5706.T,ok,7,,,73
5707.T,ok,7,,,73
5711.T,ok,7,,,73
5713.T,ok,7,,,73
5714.T,ok,7,,,73
5715.T,ok,7,,,73
5721.T,ok,7,,,73
5724.T,ok,7,,,73
5726.T,ok,7,,,73
5727.T,ok,7,,,73
5729.T,ok,7,,,73
5741.T,ok,7,,,73
5742.T,ok,7,,,73
5753.T,ok,7,,,74
5757.T,ok,7,,,74
5801.T,ok,7,,,74
5803.T,ok,7,,,74
5805.T,ok,7,,,74
5816.T,ok,7,,,74
5817.T,ok,7,,,74
5819.T,ok,7,,,74
5820.T,ok,7,,,74
5821.T,ok,7,,,74
5830.T,ok,7,,,74
5831.T,ok,7,,,74
5832.T,ok,7,,,74
5834.T,ok,7,,,74
5838.T,ok,7,,,74
5842.T,ok,7,,,74
5843.T,ok,7,,,74
5844.T,ok,7,,,74
5845.T,ok,7,,,74
5851.T,ok,7,,,74
5852.T,ok,7,,,74
5856.T,ok,7,,,74
5857.T,ok,7,,,74
5858.T,ok,7,,,74
5867.T,ok,7,,,74
5868.T,ok,7,,,75
5869.T,ok,7,,,75
5870.T,ok,7,,,75
5871.T,ok,7,,,75
5884.T,ok,7,,,75
5885.T,ok,7,,,75
5888.T,ok,7,,,75
5889.T,ok,7,,,75
5891.T,ok,7,,,75
5892.T,ok,7,,,75
5900.T,ok,7,,,75
5901.T,ok,7,,,75
5902.T,ok,7,,,75
5903.T,ok,7,,,75
5905.T,ok,7,,,75
5906.T,ok,7,,,75
5909.T,ok,7,,,75
5911.T,ok,7,,,75
5915.T,ok,7,,,75
5918.T,ok,7,,,75
5921.T,ok,7,,,75
5922.T,ok,7,,,75
5923.T,ok,7,,,75
5928.T,ok,7,,,75
5929.T,ok,7,,,75
5930.T,ok,7,,,76
5932.T,ok,7,,,76
5933.T,ok,7,,,76
5936.T,ok,7,,,76
5938.T,ok,7,,,76
5939.T,ok,7,,,76
5940.T,ok,7,,,76
5941.T,ok,7,,,76
5942.T,ok,7,,,76
5943.T,ok,7,,,76
5945.T,ok,7,,,76
5946.T,ok,7,,,76
5947.T,ok,7,,,76
5949.T,ok,7,,,76
5950.T,ok,7,,,76
5951.T,ok,7,,,76
5952.T,ok,7,,,76
5955.T,ok,7,,,76
5956.T,ok,7,,,76
5957.T,ok,7,,,76
5958.T,ok,7,,,76
5959.T,ok,7,,,76
5962.T,ok,7,,,76
5965.T,ok,7,,,76
5966.T,ok,7,,,76
5967.T,ok,7,,,77
5969.T,ok,7,,,77
5970.T,ok,7,,,77
5971.T,ok,7,,,77
5973.T,ok,7,,,77
5974.T,ok,7,,,77
5975.T,ok,7,,,77
5976.T,ok,7,,,77
5981.T,ok,7,,,77
5982.T,ok,7,,,77
5983.T,ok,7,,,77
5984.T,ok,7,,,77
5985.T,ok,7,,,77
5986.T,ok,7,,,77
5987.T,ok,7,,,77
5988.T,ok,7,,,77
5989.T,ok,7,,,77
5990.T,ok,7,,,77
5991.T,ok,7,,,77
5992.T,ok,7,,,77
5994.T,ok,7,,,77
5997.T,ok,7,,,77
5998.T,ok,7,,,77
6005.T,ok,7,,,77
6013.T,ok,7,,,77
6016.T,ok,7,,,78
6018.T,ok,7,,,78
6022.T,ok,7,,,78
6023.T,ok,7,,,78
6027.T,ok,7,,,78
6029.T,ok,7,,,78
6030.T,ok,7,,,78
6031.T,ok,7,,,78
6033.T,ok,7,,,78
6034.T,ok,7,,,78
6035.T,ok,7,,,78
6036.T,ok,7,,,78
6037.T,ok,7,,,78
6038.T,ok,7,,,78
6039.T,ok,7,,,78
6040.T,ok,7,,,78
6042.T,ok,7,,,78
6044.T,ok,7,,,78
6045.T,ok,7,,,78
6046.T,ok,7,,,78
6047.T,ok,7,,,78
6049.T,ok,7,,,78
6050.T,ok,7,,,78
6054.T,ok,7,,,78
6055.T,ok,7,,,78
6058.T,ok,7,,,79
6059.T,ok,7,,,79
6061.T,ok,7,,,79
6062.T,ok,7,,,79
6063.T,ok,7,,,79
6069.T,ok,7,,,79
6070.T,ok,7,,,79
6071.T,ok,7,,,79
6072.T,ok,7,,,79
6073.T,ok,7,,,79
6074.T,ok,7,,,79
6078.T,ok,7,,,79
6080.T,ok,7,,,79
6081.T,ok,7,,,79
6082.T,ok,7,,,79
6083.T,ok,7,,,79
6085.T,ok,7,,,79
6086.T,ok,7,,,79
6087.T,ok,7,,,79
6088.T,ok,7,,,79
6089.T,ok,7,,,79
6090.T,ok,7,,,79
6091.T,ok,7,,,79
6092.T,ok,7,,,79
6093.T,ok,7,,,79
6094.T,ok,7,,,80
6096.T,ok,7,,,80
6099.T,ok,7,,,80
6101.T,ok,7,,,80
6103.T,ok,7,,,80
6104.T,ok,7,,,80
6113.T,ok,7,,,80
6118.T,ok,7,,,80
6125.T,ok,7,,,80
6134.T,ok,7,,,80
6135.T,ok,7,,,80
6136.T,ok,7,,,80
6137.T,ok,7,,,80
6138.T,ok,7,,,80
6140.T,ok,7,,,80
6141.T,ok,7,,,80
6143.T,ok,7,,,80
6144.T,ok,7,,,80
6145.T,ok,7,,,80
6147.T,ok,7,,,80
6149.T,ok,7,,,80
6150.T,ok,7,,,80
6151.T,ok,7,,,80
6155.T,ok,7,,,80
6156.T,ok,7,,,80
6157.T,ok,7,,,81
6158.T,ok,7,,,81
6159.T,ok,7,,,81
6161.T,ok,7,,,81
6165.T,ok,7,,,81
6166.T,ok,7,,,81
6167.T,ok,7,,,81
6171.T,ok,7,,,81
6173.T,ok,7,,,81
6176.T,ok,7,,,81
6177.T,ok,7,,,81
6178.T,ok,7,,,81
6180.T,ok,7,,,81
6181.T,ok,7,,,81
6182.T,ok,7,,,81
6183.T,ok,7,,,81
6184.T,ok,7,,,81
6185.T,ok,7,,,81
6186.T,ok,7,,,81
6189.T,ok,7,,,81
6190.T,ok,7,,,81
6191.T,ok,7,,,81
6193.T,ok,7,,,81
6194.T,ok,7,,,81
6195.T,ok,7,,,81
6196.T,ok,7,,,82
6197.T,ok,7,,,82
6198.T,ok,7,,,82
6199.T,ok,7,,,82
6200.T,ok,7,,,82
6201.T,ok,7,,,82
6203.T,ok,7,,,82
6208.T,ok,7,,,82
6209.T,ok,7,,,82
6217.T,ok,7,,,82
6218.T,ok,7,,,82
6222.T,ok,7,,,82
6223.T,ok,7,,,82
6224.T,ok,7,,,82
6226.T,ok,7,,,82
6227.T,ok,7,,,82
6228.T,ok,7,,,82
6229.T,ok,7,,,82
6230.T,ok,7,,,82
6231.T,ok,7,,,82
6232.T,ok,7,,,82
6233.T,ok,7,,,82
6235.T,ok,7,,,82
6237.T,ok,7,,,82
6238.T,ok,7,,,82
6239.T,ok,7,,,83
6240.T,ok,7,,,83
6245.T,ok,7,,,83
6246.T,ok,7,,,83
6247.T,ok,7,,,83
6248.T,ok,7,,,83
6249.T,ok,7,,,83
6250.T,ok,7,,,83
6254.T,ok,7,,,83
6255.T,ok,7,,,83
6257.T,ok,7,,,83
6258.T,ok,7,,,83
6262.T,ok,7,,,83
6264.T,ok,7,,,83
6265.T,ok,7,,,83
6266.T,ok,7,,,83
6267.T,ok,7,,,83
6268.T,ok,7,,,83
6269.T,ok,7,,,83
6272.T,ok,7,,,83
6276.T,ok,7,,,83
6277.T,ok,7,,,83
6278.T,ok,7,,,83
6279.T,ok,7,,,83
6282.T,ok,7,,,83
6284.T,ok,7,,,84
6286.T,ok,7,,,84
6287.T,ok,7,,,84
6289.T,ok,7,,,84
6291.T,ok,7,,,84
6292.T,ok,7,,,84
6294.T,ok,7,,,84
6298.T,ok,7,,,84
6302.T,ok,7,,,84
6305.T,ok,7,,,84
6306.T,ok,7,,,84
6307.T,ok,7,,,84
6309.T,ok,7,,,84
6310.T,ok,7,,,84
6315.T,ok,7,,,84
6316.T,ok,7,,,84
6317.T,ok,7,,,84
6322.T,ok,7,,,84
6323.T,ok,7,,,84
6324.T,ok,7,,,84
6325.T,ok,7,,,84
6327.T,ok,7,,,84
6328.T,ok,7,,,84
6330.T,ok,7,,,84
6331.T,ok,7,,,84
6332.T,ok,7,,,85
6333.T,ok,7,,,85
6334.T,ok,7,,,85
6335.T,ok,7,,,85
6336.T,ok,7,,,85
6337.T,ok,7,,,85
6338.T,ok,7,,,85
6339.T,ok,7,,,85
6340.T,ok,7,,,85
6342.T,ok,7,,,85
6343.T,ok,7,,,85
6345.T,ok,7,,,85
6346.T,ok,7,,,85
6347.T,ok,7,,,85
6349.T,ok,7,,,85
6351.T,ok,7,,,85
6356.T,ok,7,,,85
6357.T,ok,7,,,85
6358.T,ok,7,,,85
6360.T,ok,7,,,85
6361.T,ok,7,,,85
6363.T,ok,7,,,85
6364.T,ok,7,,,85
6365.T,ok,7,,,85
6366.T,ok,7,,,85
6368.T,ok,7,,,86
6369.T,ok,7,,,86
6370.T,ok,7,,,86
6371.T,ok,7,,,86
6376.T,ok,7,,,86
6378.T,ok,7,,,86
6379.T,ok,7,,,86
6380.T,ok,7,,,86
6381.T,ok,7,,,86
6382.T,ok,7,,,86
6383.T,ok,7,,,86
6384.T,ok,7,,,86
6387.T,ok,7,,,86
6390.T,ok,7,,,86
6391.T,ok,7,,,86
6392.T,ok,7,,,86
6393.T,ok,7,,,86
6395.T,ok,7,,,86
6396.T,ok,7,,,86
6400.T,ok,7,,,86
6402.T,ok,7,,,86
6403.T,ok,7,,,86
6405.T,ok,7,,,86
6407.T,ok,7,,,86
6408.T,ok,7,,,86
6412.T,ok,7,,,87
6413.T,ok,7,,,87
6417.T,ok,7,,,87
6418.T,ok,7,,,87
6419.T,ok,7,,,87
6420.T,ok,7,,,87
6424.T,ok,7,,,87
6425.T,ok,7,,,87
6428.T,ok,7,,,87
6430.T,ok,7,,,87
6432.T,ok,7,,,87
6433.T,ok,7,,,87
6436.T,ok,7,,,87
6440.T,ok,7,,,87
6444.T,ok,7,,,87
6445.T,ok,7,,,87
6448.T,ok,7,,,87
6454.T,ok,7,,,87
6455.T,ok,7,,,87
6457.T,ok,7,,,87
6458.T,ok,7,,,87
6459.T,ok,7,,,87
6460.T,ok,7,,,87
6463.T,ok,7,,,87
6464.T,ok,7,,,87
6465.T,ok,7,,,88
6466.T,ok,7,,,88
6467.T,ok,7,,,88
6469.T,ok,7,,,88
6470.T,ok,7,,,88
6471.T,ok,7,,,88
6472.T,ok,7,,,88
6473.T,ok,7,,,88
6474.T,ok,7,,,88
6479.T,ok,7,,,88
6480.T,ok,7,,,88
6481.T,ok,7,,,88
6482.T,ok,7,,,88
6484.T,ok,7,,,88
6485.T,ok,7,,,88
6486.T,ok,7,,,88
6488.T,ok,7,,,88
6489.T,ok,7,,,88
6490.T,ok,7,,,88
6492.T,ok,7,,,88
6493.T,ok,7,,,88
6494.T,ok,7,,,88
6495.T,ok,7,,,88
6496.T,ok,7,,,88
6497.T,ok,7,,,88
6498.T,ok,7,,,89
6505.T,ok,7,,,89
6506.T,ok,7,,,89
6507.T,ok,7,,,89
6508.T,ok,7,,,89
6513.T,ok,7,,,89
6516.T,ok,7,,,89
6517.T,ok,7,,,89
6518.T,ok,7,,,89
6521.T,ok,7,,,89
6522.T,ok,7,,,89
6523.T,ok,7,,,89
6524.T,ok,7,,,89
6525.T,ok,7,,,89
6526.T,ok,7,,,89
6532.T,ok,7,,,89
6533.T,ok,7,,,89
6535.T,ok,7,,,89
6537.T,ok,7,,,89
6538.T,ok,7,,,89
6539.T,ok,7,,,89
6540.T,ok,7,,,89
6543.T,ok,7,,,89
6544.T,ok,7,,,89
6545.T,ok,7,,,89
6546.T,ok,7,,,90
6547.T,ok,7,,,90
6548.T,ok,7,,,90
6549.T,ok,7,,,90
6551.T,ok,7,,,90
6552.T,ok,7,,,90
6554.T,ok,7,,,90
6555.T,ok,7,,,90
6557.T,ok,7,,,90
6558.T,ok,7,,,90
6560.T,ok,7,,,90
6561.T,ok,7,,,90
6562.T,ok,7,,,90
6563.T,ok,7,,,90
6564.T,ok,7,,,90
6565.T,no_bars,0,YAHOO-NO-BARS,Yahoo returned no OHLCV bars for this symbol.,90
6566.T,ok,7,,,90
6568.T,ok,7,,,90
6570.T,ok,7,,,90
6571.T,ok,7,,,90
6572.T,ok,7,,,90
6573.T,ok,7,,,90
6574.T,ok,7,,,90
6577.T,ok,7,,,90
6578.T,ok,7,,,90
6579.T,ok,7,,,91
6580.T,ok,7,,,91
6584.T,ok,7,,,91
6586.T,ok,7,,,91
6588.T,ok,7,,,91
6590.T,ok,7,,,91
6592.T,ok,7,,,91
6597.T,ok,7,,,91
6599.T,ok,7,,,91
6612.T,ok,7,,,91
6613.T,ok,7,,,91
6614.T,ok,7,,,91
6615.T,ok,7,,,91
6616.T,ok,7,,,91
6617.T,ok,7,,,91
6619.T,ok,7,,,91
6620.T,ok,7,,,91
6622.T,ok,7,,,91
6625.T,ok,7,,,91
6626.T,ok,7,,,91
6627.T,ok,7,,,91
6629.T,ok,7,,,91
6630.T,ok,7,,,91
6632.T,ok,7,,,91
6633.T,ok,7,,,91
6634.T,ok,7,,,92
6635.T,ok,7,,,92
6637.T,ok,7,,,92
6638.T,ok,7,,,92
6643.T,ok,7,,,92
6644.T,ok,7,,,92
6647.T,ok,7,,,92
6648.T,ok,7,,,92
6651.T,ok,7,,,92
6652.T,ok,7,,,92
6653.T,ok,7,,,92
6654.T,ok,7,,,92
6656.T,ok,7,,,92
6658.T,ok,7,,,92
6659.T,ok,7,,,92
6662.T,ok,7,,,92
6663.T,ok,7,,,92
6664.T,ok,7,,,92
6666.T,ok,7,,,92
6668.T,ok,7,,,92
6670.T,ok,7,,,92
6674.T,ok,7,,,92
6675.T,ok,7,,,92
6676.T,ok,7,,,92
6677.T,ok,7,,,92
6678.T,ok,7,,,93
6694.T,ok,7,,,93
6696.T,ok,7,,,93
6699.T,ok,7,,,93
6703.T,ok,7,,,93
6706.T,ok,7,,,93
6707.T,ok,7,,,93
6718.T,ok,7,,,93
6721.T,ok,7,,,93
6727.T,ok,7,,,93
6728.T,ok,7,,,93
6730.T,ok,7,,,93
6731.T,ok,7,,,93
6736.T,ok,7,,,93
6737.T,ok,7,,,93
6740.T,ok,7,,,93
6741.T,ok,7,,,93
6742.T,ok,7,,,93
6743.T,ok,7,,,93
6744.T,ok,7,,,93
6745.T,ok,7,,,93
6748.T,ok,7,,,93
6750.T,ok,7,,,93
6753.T,ok,7,,,93
6754.T,ok,7,,,93
6757.T,ok,7,,,94
6763.T,ok,7,,,94
6768.T,ok,7,,,94
6769.T,ok,7,,,94
6770.T,ok,7,,,94
6771.T,ok,7,,,94
6772.T,ok,7,,,94
6775.T,ok,7,,,94
6776.T,ok,7,,,94
6777.T,ok,7,,,94
6778.T,ok,7,,,94
6779.T,ok,7,,,94
6785.T,ok,7,,,94
6786.T,ok,7,,,94
6787.T,ok,7,,,94
6788.T,ok,7,,,94
6794.T,ok,7,,,94
6797.T,ok,7,,,94
6798.T,ok,7,,,94
6800.T,ok,7,,,94
6803.T,ok,7,,,94
6804.T,ok,7,,,94
6806.T,ok,7,,,94
6807.T,ok,7,,,94
6809.T,ok,7,,,94
6810.T,ok,7,,,95
6814.T,ok,7,,,95
6817.T,ok,7,,,95
6819.T,ok,7,,,95
6820.T,ok,7,,,95
6822.T,ok,7,,,95
6823.T,ok,7,,,95
6824.T,ok,7,,,95
6832.T,ok,7,,,95
6834.T,ok,7,,,95
6835.T,ok,7,,,95
6836.T,ok,7,,,95
6837.T,ok,7,,,95
6838.T,ok,7,,,95
6840.T,ok,7,,,95
6841.T,ok,7,,,95
6844.T,ok,7,,,95
6845.T,ok,7,,,95
6848.T,ok,7,,,95
6849.T,ok,7,,,95
6850.T,ok,7,,,95
6853.T,ok,7,,,95
6855.T,ok,7,,,95
6856.T,ok,7,,,95
6857.T,ok,7,,,95
6858.T,ok,7,,,96
6859.T,ok,7,,,96
6862.T,ok,7,,,96
6863.T,ok,7,,,96
6864.T,ok,7,,,96
6866.T,ok,7,,,96
6867.T,ok,7,,,96
6869.T,ok,7,,,96
6870.T,ok,7,,,96
6871.T,ok,7,,,96
6874.T,ok,7,,,96
6875.T,ok,7,,,96
6877.T,ok,7,,,96
6882.T,ok,7,,,96
6888.T,ok,7,,,96
6890.T,ok,7,,,96
6894.T,ok,7,,,96
6897.T,ok,7,,,96
6898.T,ok,7,,,96
6899.T,ok,7,,,96
6901.T,ok,6,,,96
6904.T,ok,7,,,96
6905.T,ok,7,,,96
6907.T,ok,7,,,96
6908.T,ok,7,,,96
6912.T,ok,7,,,97
6914.T,ok,7,,,97
6915.T,ok,7,,,97
6918.T,ok,7,,,97
6919.T,ok,7,,,97
6923.T,ok,7,,,97
6925.T,ok,7,,,97
6926.T,ok,7,,,97
6927.T,ok,7,,,97
6928.T,ok,7,,,97
6929.T,ok,7,,,97
6932.T,ok,7,,,97
6941.T,ok,7,,,97
6942.T,ok,7,,,97
6943.T,ok,7,,,97
6946.T,ok,7,,,97
6947.T,ok,7,,,97
6951.T,ok,7,,,97
6952.T,ok,7,,,97
6955.T,ok,7,,,97
6958.T,ok,7,,,97
6960.T,ok,7,,,97
6961.T,ok,7,,,97
6962.T,ok,7,,,97
6963.T,ok,7,,,97
6964.T,ok,7,,,98
6965.T,ok,7,,,98
6966.T,ok,7,,,98
6969.T,ok,7,,,98
6976.T,ok,7,,,98
6977.T,ok,7,,,98
6982.T,ok,7,,,98
6986.T,ok,7,,,98
6989.T,ok,7,,,98
6993.T,ok,7,,,98
6994.T,ok,7,,,98
6995.T,ok,7,,,98
6996.T,ok,7,,,98
6997.T,ok,7,,,98
6998.T,ok,7,,,98
6999.T,ok,7,,,98
7003.T,ok,7,,,98
7004.T,ok,7,,,98
7012.T,ok,7,,,98
7013.T,ok,7,,,98
7014.T,ok,7,,,98
7018.T,ok,7,,,98
7021.T,ok,7,,,98
7022.T,ok,7,,,98
7030.T,ok,7,,,98
7031.T,ok,7,,,99
7033.T,ok,7,,,99
7034.T,ok,7,,,99
7035.T,ok,7,,,99
7036.T,ok,7,,,99
7037.T,ok,7,,,99
7038.T,ok,7,,,99
7039.T,ok,7,,,99
7040.T,ok,7,,,99
7041.T,ok,7,,,99
7042.T,ok,7,,,99
7043.T,ok,7,,,99
7044.T,ok,7,,,99
7046.T,ok,7,,,99
7047.T,ok,7,,,99
7048.T,ok,7,,,99
7049.T,ok,7,,,99
7050.T,ok,7,,,99
7057.T,ok,7,,,99
7058.T,ok,7,,,99
7059.T,ok,7,,,99
7060.T,ok,7,,,99
7061.T,ok,7,,,99
7062.T,ok,7,,,99
7063.T,ok,7,,,99
7064.T,ok,7,,,100
7065.T,ok,7,,,100
7066.T,ok,7,,,100
7067.T,ok,7,,,100
7068.T,ok,7,,,100
7069.T,ok,7,,,100
7071.T,ok,7,,,100
7072.T,ok,7,,,100
7073.T,ok,7,,,100
7074.T,ok,7,,,100
7075.T,ok,7,,,100
7077.T,ok,7,,,100
7078.T,ok,7,,,100
7079.T,ok,7,,,100
7080.T,ok,7,,,100
7081.T,ok,7,,,100
7082.T,ok,7,,,100
7083.T,ok,7,,,100
7084.T,ok,7,,,100
7085.T,ok,7,,,100
7087.T,ok,7,,,100
7088.T,ok,1,,,100
7089.T,ok,7,,,100
7090.T,ok,7,,,100
7091.T,ok,7,,,100
7093.T,ok,7,,,101
7094.T,ok,7,,,101
7095.T,ok,7,,,101
7096.T,ok,7,,,101
7097.T,ok,7,,,101
7102.T,ok,7,,,101
7110.T,ok,7,,,101
7111.T,ok,7,,,101
7112.T,ok,7,,,101
7114.T,ok,7,,,101
7115.T,ok,7,,,101
7119.T,ok,7,,,101
7120.T,ok,7,,,101
7122.T,ok,7,,,101
7126.T,ok,7,,,101
7127.T,ok,7,,,101
7128.T,ok,7,,,101
7129.T,ok,7,,,101
7130.T,ok,7,,,101
7131.T,ok,7,,,101
7133.T,ok,7,,,101
7134.T,ok,7,,,101
7135.T,ok,7,,,101
7138.T,ok,7,,,101
7140.T,ok,7,,,101
7148.T,ok,7,,,102
7150.T,ok,7,,,102
7157.T,ok,7,,,102
7161.T,ok,7,,,102
7162.T,ok,7,,,102
7164.T,ok,7,,,102
7167.T,ok,7,,,102
7172.T,ok,7,,,102
7173.T,ok,7,,,102
7175.T,ok,7,,,102
7177.T,ok,7,,,102
7180.T,ok,7,,,102
7181.T,ok,7,,,102
7182.T,ok,7,,,102
7183.T,ok,7,,,102
7184.T,ok,7,,,102
7185.T,ok,7,,,102
7186.T,ok,7,,,102
7187.T,ok,7,,,102
7189.T,ok,7,,,102
7191.T,ok,7,,,102
7192.T,ok,7,,,102
7196.T,ok,7,,,102
7198.T,ok,7,,,102
7199.T,ok,7,,,102
7202.T,ok,7,,,103
7208.T,ok,7,,,103
7211.T,ok,7,,,103
7212.T,ok,7,,,103
7213.T,ok,7,,,103
7214.T,ok,7,,,103
7215.T,ok,7,,,103
7217.T,ok,7,,,103
7218.T,ok,7,,,103
7219.T,ok,7,,,103
7220.T,ok,7,,,103
7222.T,ok,7,,,103
7224.T,ok,7,,,103
7226.T,ok,7,,,103
7228.T,ok,7,,,103
7229.T,ok,7,,,103
7231.T,ok,7,,,103
7235.T,ok,7,,,103
7236.T,ok,7,,,103
7238.T,ok,7,,,103
7239.T,ok,7,,,103
7240.T,ok,7,,,103
7241.T,ok,7,,,103
7242.T,ok,7,,,103
7244.T,ok,7,,,103
7245.T,ok,7,,,104
7246.T,ok,7,,,104
7247.T,ok,7,,,104
7254.T,ok,7,,,104
7255.T,ok,7,,,104
7256.T,ok,7,,,104
7259.T,ok,7,,,104
7261.T,ok,7,,,104
7264.T,ok,7,,,104
7265.T,ok,7,,,104
7266.T,ok,7,,,104
7271.T,ok,7,,,104
7272.T,ok,7,,,104
7273.T,ok,7,,,104
7276.T,ok,7,,,104
7277.T,ok,7,,,104
7278.T,ok,7,,,104
7279.T,ok,7,,,104
7280.T,ok,7,,,104
7282.T,ok,7,,,104
7283.T,ok,7,,,104
7284.T,ok,7,,,104
7287.T,ok,7,,,104
7291.T,ok,7,,,104
7292.T,ok,7,,,104
7294.T,ok,7,,,105
7296.T,ok,7,,,105
7297.T,ok,7,,,105
7299.T,ok,7,,,105
7305.T,ok,7,,,105
7313.T,ok,7,,,105
7314.T,ok,7,,,105
7317.T,ok,7,,,105
7318.T,ok,7,,,105
7320.T,ok,7,,,105
7322.T,ok,7,,,105
7325.T,ok,7,,,105
7326.T,ok,7,,,105
7327.T,ok,7,,,105
7337.T,ok,7,,,105
7343.T,ok,7,,,105
7345.T,ok,7,,,105
7347.T,ok,7,,,105
7350.T,ok,7,,,105
7351.T,ok,7,,,105
7352.T,ok,7,,,105
7353.T,ok,7,,,105
7354.T,ok,7,,,105
7356.T,ok,7,,,105
7357.T,ok,7,,,105
7358.T,ok,7,,,106
7359.T,ok,7,,,106
7360.T,ok,7,,,106
7361.T,ok,7,,,106
7362.T,ok,7,,,106
7363.T,ok,7,,,106
7366.T,ok,7,,,106
7367.T,ok,7,,,106
7368.T,ok,7,,,106
7369.T,ok,7,,,106
7370.T,ok,7,,,106
7371.T,ok,7,,,106
7372.T,ok,7,,,106
7373.T,ok,7,,,106
7374.T,ok,7,,,106
7375.T,ok,7,,,106
7376.T,ok,7,,,106
7377.T,ok,7,,,106
7378.T,ok,7,,,106
7380.T,ok,7,,,106
7381.T,ok,7,,,106
7383.T,ok,7,,,106
7384.T,ok,7,,,106
7388.T,ok,7,,,106
7389.T,ok,7,,,106
7399.T,ok,7,,,107
7409.T,ok,7,,,107
7412.T,ok,7,,,107
7413.T,ok,7,,,107
7414.T,ok,7,,,107
7416.T,ok,7,,,107
7417.T,ok,7,,,107
7419.T,ok,7,,,107
7421.T,ok,7,,,107
7422.T,ok,7,,,107
7425.T,ok,7,,,107
7426.T,ok,7,,,107
7427.T,ok,7,,,107
7433.T,ok,7,,,107
7434.T,ok,7,,,107
7435.T,ok,7,,,107
7438.T,ok,7,,,107
7442.T,ok,7,,,107
7443.T,ok,7,,,107
7444.T,ok,7,,,107
7446.T,ok,7,,,107
7447.T,ok,7,,,107
7456.T,ok,7,,,107
7458.T,ok,7,,,107
7459.T,ok,7,,,107
7460.T,ok,7,,,108
7461.T,ok,7,,,108
7462.T,ok,7,,,108
7463.T,ok,7,,,108
7464.T,ok,7,,,108
7466.T,ok,7,,,108
7472.T,ok,7,,,108
7475.T,ok,7,,,108
7476.T,ok,7,,,108
7477.T,ok,7,,,108
7480.T,ok,7,,,108
7481.T,ok,7,,,108
7482.T,ok,7,,,108
7483.T,ok,7,,,108
7486.T,ok,7,,,108
7487.T,ok,7,,,108
7490.T,ok,7,,,108
7494.T,ok,7,,,108
7500.T,ok,7,,,108
7501.T,ok,7,,,108
7502.T,ok,7,,,108
7504.T,ok,7,,,108
7505.T,ok,7,,,108
7506.T,ok,7,,,108
7508.T,ok,7,,,108
7509.T,ok,7,,,109
7510.T,ok,7,,,109
7512.T,ok,7,,,109
7513.T,ok,7,,,109
7514.T,ok,7,,,109
7515.T,ok,7,,,109
7516.T,ok,7,,,109
7520.T,ok,7,,,109
7521.T,ok,7,,,109
7522.T,ok,7,,,109
7523.T,ok,7,,,109
7524.T,ok,7,,,109
7525.T,ok,7,,,109
7527.T,ok,7,,,109
7531.T,ok,7,,,109
7537.T,ok,7,,,109
7538.T,ok,7,,,109
7539.T,ok,7,,,109
7544.T,ok,7,,,109
7545.T,ok,7,,,109
7550.T,ok,7,,,109
7551.T,ok,7,,,109
7552.T,ok,7,,,109
7554.T,ok,7,,,109
7555.T,ok,7,,,109
7561.T,ok,7,,,110
7562.T,ok,7,,,110
7564.T,ok,7,,,110
7565.T,ok,7,,,110
7567.T,ok,7,,,110
7570.T,ok,7,,,110
7571.T,ok,7,,,110
7575.T,ok,7,,,110
7578.T,ok,7,,,110
7581.T,ok,7,,,110
7585.T,ok,7,,,110
7590.T,ok,7,,,110
7593.T,ok,7,,,110
7595.T,ok,7,,,110
7596.T,ok,7,,,110
7599.T,ok,7,,,110
7600.T,ok,7,,,110
7601.T,ok,7,,,110
7602.T,ok,7,,,110
7603.T,ok,7,,,110
7604.T,ok,7,,,110
7606.T,ok,7,,,110
7607.T,ok,7,,,110
7608.T,ok,7,,,110
7609.T,ok,7,,,110
7610.T,ok,7,,,111
7611.T,ok,7,,,111
7613.T,ok,7,,,111
7614.T,ok,7,,,111
7615.T,ok,7,,,111
7616.T,ok,7,,,111
7619.T,ok,7,,,111
7621.T,ok,7,,,111
7624.T,ok,7,,,111
7625.T,ok,7,,,111
7628.T,ok,7,,,111
7630.T,ok,7,,,111
7634.T,ok,7,,,111
7636.T,ok,7,,,111
7637.T,ok,7,,,111
7638.T,ok,7,,,111
7640.T,ok,7,,,111
7643.T,ok,7,,,111
7646.T,ok,7,,,111
7649.T,ok,7,,,111
7670.T,ok,7,,,111
7673.T,ok,7,,,111
7674.T,ok,7,,,111
7677.T,ok,7,,,111
7678.T,ok,7,,,111
7679.T,ok,7,,,112
7681.T,ok,7,,,112
7682.T,ok,7,,,112
7683.T,ok,7,,,112
7685.T,ok,7,,,112
7686.T,ok,7,,,112
7687.T,ok,7,,,112
7689.T,ok,7,,,112
7692.T,ok,7,,,112
7694.T,ok,7,,,112
7695.T,ok,7,,,112
7698.T,ok,7,,,112
7699.T,ok,7,,,112
7701.T,ok,7,,,112
7702.T,ok,7,,,112
7707.T,ok,7,,,112
7709.T,ok,7,,,112
7711.T,ok,7,,,112
7713.T,ok,7,,,112
7715.T,ok,7,,,112
7716.T,ok,7,,,112
7717.T,ok,7,,,112
7719.T,ok,7,,,112
7721.T,ok,7,,,112
7722.T,ok,7,,,112
7723.T,ok,7,,,113
7725.T,ok,7,,,113
7726.T,ok,7,,,113
7727.T,ok,7,,,113
7729.T,ok,7,,,113
7730.T,ok,7,,,113
7731.T,ok,7,,,113
7734.T,ok,7,,,113
7740.T,ok,7,,,113
7743.T,ok,7,,,113
7744.T,ok,7,,,113
7745.T,ok,7,,,113
7746.T,ok,7,,,113
7747.T,ok,7,,,113
7749.T,ok,7,,,113
7752.T,ok,7,,,113
7760.T,ok,7,,,113
7762.T,ok,7,,,113
7769.T,ok,7,,,113
7771.T,ok,7,,,113
7774.T,ok,7,,,113
7775.T,ok,7,,,113
7776.T,ok,7,,,113
7777.T,ok,7,,,113
7779.T,ok,7,,,113
7780.T,ok,7,,,114
7781.T,ok,7,,,114
7782.T,ok,7,,,114
7791.T,ok,7,,,114
7792.T,ok,7,,,114
7793.T,ok,7,,,114
7794.T,ok,7,,,114
7795.T,ok,7,,,114
7800.T,ok,7,,,114
7803.T,ok,7,,,114
7804.T,ok,7,,,114
7805.T,ok,7,,,114
7806.T,ok,7,,,114
7807.T,ok,7,,,114
7808.T,ok,7,,,114
7809.T,ok,7,,,114
7810.T,ok,7,,,114
7811.T,ok,7,,,114
7812.T,ok,7,,,114
7813.T,ok,7,,,114
7814.T,ok,7,,,114
7815.T,ok,7,,,114
7818.T,ok,7,,,114
7819.T,ok,7,,,114
7820.T,ok,7,,,114
7821.T,ok,7,,,115
7822.T,ok,7,,,115
7823.T,ok,7,,,115
7826.T,ok,7,,,115
7827.T,ok,7,,,115
7831.T,ok,7,,,115
7832.T,ok,7,,,115
7833.T,ok,7,,,115
7836.T,ok,7,,,115
7837.T,ok,7,,,115
7839.T,ok,7,,,115
7840.T,ok,7,,,115
7841.T,ok,7,,,115
7844.T,ok,7,,,115
7846.T,ok,7,,,115
7847.T,ok,7,,,115
7849.T,ok,7,,,115
7850.T,ok,7,,,115
7851.T,ok,7,,,115
7856.T,ok,7,,,115
7857.T,ok,7,,,115
7859.T,ok,7,,,115
7860.T,ok,7,,,115
7863.T,ok,7,,,115
7864.T,ok,7,,,115
7865.T,ok,7,,,116
7867.T,ok,7,,,116
7868.T,ok,7,,,116
7871.T,ok,7,,,116
7872.T,ok,7,,,116
7874.T,ok,7,,,116
7875.T,ok,7,,,116
7877.T,ok,7,,,116
7878.T,ok,7,,,116
7879.T,ok,7,,,116
7883.T,ok,7,,,116
7885.T,ok,7,,,116
7886.T,ok,7,,,116
7887.T,ok,7,,,116
7888.T,ok,7,,,116
7893.T,ok,7,,,116
7896.T,ok,7,,,116
7897.T,ok,7,,,116
7898.T,ok,7,,,116
7901.T,ok,7,,,116
7902.T,ok,7,,,116
7906.T,ok,7,,,116
7908.T,ok,7,,,116
7911.T,ok,7,,,116
7912.T,ok,7,,,116
7914.T,ok,7,,,117
7915.T,ok,7,,,117
7916.T,ok,7,,,117
7917.T,ok,7,,,117
7918.T,ok,7,,,117
7919.T,ok,7,,,117
7921.T,ok,7,,,117
7922.T,ok,7,,,117
7925.T,ok,7,,,117
7927.T,ok,7,,,117
7928.T,ok,7,,,117
7931.T,ok,7,,,117
7932.T,ok,7,,,117
7936.T,ok,7,,,117
7937.T,ok,7,,,117
7938.T,ok,7,,,117
7939.T,ok,7,,,117
7940.T,ok,7,,,117
7942.T,ok,7,,,117
7943.T,ok,7,,,117
7944.T,ok,7,,,117
7946.T,ok,7,,,117
7947.T,ok,7,,,117
7949.T,ok,7,,,117
7951.T,ok,7,,,117
7952.T,ok,7,,,118
7953.T,ok,7,,,118
7955.T,ok,7,,,118
7956.T,ok,7,,,118
7957.T,ok,7,,,118
7962.T,ok,7,,,118
7963.T,ok,7,,,118
7965.T,ok,7,,,118
7966.T,ok,7,,,118
7970.T,ok,7,,,118
7971.T,ok,7,,,118
7972.T,ok,7,,,118
7975.T,ok,7,,,118
7976.T,ok,7,,,118
7979.T,ok,7,,,118
7980.T,ok,7,,,118
7981.T,ok,7,,,118
7983.T,ok,7,,,118
7984.T,ok,7,,,118
7985.T,ok,7,,,118
7986.T,ok,7,,,118
7987.T,ok,7,,,118
7988.T,ok,7,,,118
7989.T,ok,7,,,118
7990.T,ok,7,,,118
7991.T,ok,7,,,119
7992.T,ok,7,,,119
7994.T,ok,7,,,119
7995.T,ok,7,,,119
7997.T,ok,7,,,119
7999.T,ok,7,,,119
8002.T,ok,7,,,119
8005.T,ok,7,,,119
8006.T,ok,7,,,119
8007.T,ok,7,,,119
8008.T,ok,7,,,119
8011.T,ok,7,,,119
8012.T,ok,7,,,119
8013.T,ok,7,,,119
8014.T,ok,7,,,119
8015.T,ok,7,,,119
8016.T,ok,7,,,119
8018.T,ok,7,,,119
8020.T,ok,7,,,119
8022.T,ok,7,,,119
8023.T,ok,7,,,119
8025.T,ok,7,,,119
8029.T,ok,7,,,119
8030.T,ok,7,,,119
8032.T,ok,7,,,119
8037.T,ok,7,,,120
8039.T,ok,7,,,120
8040.T,ok,7,,,120
8041.T,ok,7,,,120
8043.T,ok,7,,,120
8045.T,ok,7,,,120
8046.T,ok,7,,,120
8050.T,ok,7,,,120
8051.T,ok,7,,,120
8052.T,ok,7,,,120
8056.T,ok,7,,,120
8057.T,ok,7,,,120
8059.T,ok,7,,,120
8060.T,ok,7,,,120
8061.T,ok,7,,,120
8065.T,ok,7,,,120
8066.T,ok,7,,,120
8070.T,ok,7,,,120
8074.T,ok,7,,,120
8075.T,ok,7,,,120
8076.T,ok,7,,,120
8077.T,ok,7,,,120
8078.T,ok,7,,,120
8079.T,ok,7,,,120
8081.T,ok,7,,,120
8084.T,ok,7,,,121
8085.T,ok,7,,,121
8086.T,ok,7,,,121
8088.T,ok,7,,,121
8089.T,ok,7,,,121
8091.T,ok,7,,,121
8093.T,ok,7,,,121
8095.T,ok,7,,,121
8097.T,ok,7,,,121
8098.T,ok,7,,,121
8101.T,ok,7,,,121
8103.T,ok,7,,,121
8104.T,ok,7,,,121
8105.T,ok,7,,,121
8107.T,ok,7,,,121
8111.T,ok,7,,,121
8115.T,ok,7,,,121
8117.T,ok,7,,,121
8118.T,ok,7,,,121
8119.T,ok,7,,,121
8123.T,ok,7,,,121
8125.T,ok,7,,,121
8127.T,ok,7,,,121
8129.T,ok,7,,,121
8130.T,ok,7,,,121
8131.T,ok,7,,,122
8132.T,ok,7,,,122
8133.T,ok,7,,,122
8135.T,ok,7,,,122
8136.T,ok,7,,,122
8137.T,ok,7,,,122
8138.T,ok,7,,,122
8139.T,ok,7,,,122
8141.T,ok,7,,,122
8142.T,ok,7,,,122
8143.T,ok,7,,,122
8144.T,ok,7,,,122
8147.T,ok,7,,,122
8150.T,ok,7,,,122
8151.T,ok,7,,,122
8152.T,ok,7,,,122
8153.T,ok,7,,,122
8154.T,ok,7,,,122
8157.T,ok,7,,,122
8158.T,ok,7,,,122
8159.T,ok,7,,,122
8160.T,ok,7,,,122
8163.T,ok,7,,,122
8165.T,ok,7,,,122
8166.T,ok,7,,,122
8167.T,ok,7,,,123
8173.T,ok,7,,,123
8174.T,ok,7,,,123
8179.T,ok,7,,,123
8181.T,ok,7,,,123
8185.T,ok,7,,,123
8194.T,ok,7,,,123
8198.T,ok,7,,,123
8200.T,ok,7,,,123
8202.T,ok,7,,,123
8203.T,ok,7,,,123
8207.T,ok,7,,,123
8214.T,ok,7,,,123
8217.T,ok,7,,,123
8218.T,ok,7,,,123
8219.T,ok,7,,,123
8225.T,ok,7,,,123
8226.T,ok,7,,,123
8227.T,ok,7,,,123
8230.T,ok,7,,,123
8233.T,ok,7,,,123
8237.T,ok,7,,,123
8242.T,ok,7,,,123
8244.T,ok,7,,,123
8247.T,ok,7,,,123
8252.T,ok,7,,,124
8253.T,ok,7,,,124
8254.T,ok,7,,,124
8255.T,ok,7,,,124
8260.T,ok,7,,,124
8273.T,ok,7,,,124
8275.T,ok,7,,,124
8276.T,ok,7,,,124
8278.T,ok,7,,,124
8281.T,ok,7,,,124
8282.T,ok,7,,,124
8283.T,ok,7,,,124
8285.T,ok,7,,,124
8289.T,ok,7,,,124
8291.T,ok,7,,,124
8303.T,ok,7,,,124
8304.T,ok,7,,,124
8308.T,ok,7,,,124
8309.T,ok,7,,,124
8331.T,ok,7,,,124
8334.T,ok,7,,,124
8336.T,ok,7,,,124
8337.T,ok,7,,,124
8338.T,ok,7,,,124
8341.T,ok,7,,,124
8343.T,ok,7,,,125
8344.T,ok,7,,,125
8345.T,ok,7,,,125
8346.T,ok,7,,,125
8349.T,ok,7,,,125
8354.T,ok,7,,,125
8358.T,ok,7,,,125
8359.T,ok,7,,,125
8360.T,ok,7,,,125
8361.T,ok,7,,,125
8362.T,ok,7,,,125
8364.T,ok,7,,,125
8365.T,ok,7,,,125
8366.T,ok,7,,,125
8367.T,ok,7,,,125
8368.T,ok,7,,,125
8370.T,ok,7,,,125
8377.T,ok,7,,,125
8381.T,ok,7,,,125
8383.T,ok,7,,,125
8386.T,ok,7,,,125
8387.T,ok,7,,,125
8388.T,ok,7,,,125
8392.T,ok,7,,,125
8393.T,ok,7,,,125
8395.T,ok,7,,,126
8399.T,ok,7,,,126
8410.T,ok,7,,,126
8416.T,ok,7,,,126
8418.T,ok,7,,,126
8424.T,ok,7,,,126
8425.T,ok,7,,,126
8439.T,ok,7,,,126
8473.T,ok,7,,,126
8508.T,ok,7,,,126
8511.T,ok,7,,,126
8518.T,ok,7,,,126
8522.T,ok,7,,,126
8524.T,ok,7,,,126
8537.T,ok,7,,,126
8541.T,ok,7,,,126
8542.T,ok,7,,,126
8544.T,ok,7,,,126
8550.T,ok,7,,,126
8551.T,ok,7,,,126
8558.T,ok,7,,,126
8562.T,ok,7,,,126
8563.T,ok,7,,,126
8566.T,ok,7,,,126
8570.T,ok,7,,,126
8572.T,ok,7,,,127
8584.T,ok,7,,,127
8585.T,ok,7,,,127
8593.T,ok,7,,,127
8595.T,ok,7,,,127
8596.T,ok,7,,,127
8600.T,ok,7,,,127
8601.T,ok,7,,,127
8604.T,ok,7,,,127
8609.T,ok,7,,,127
8613.T,ok,7,,,127
8614.T,ok,7,,,127
8616.T,ok,7,,,127
8617.T,ok,7,,,127
8622.T,ok,7,,,127
8624.T,ok,7,,,127
8628.T,ok,7,,,127
8630.T,ok,7,,,127
8697.T,ok,7,,,127
8698.T,ok,7,,,127
8699.T,ok,7,,,127
8700.T,ok,7,,,127
8704.T,ok,7,,,127
8705.T,ok,7,,,127
8706.T,ok,7,,,127
8707.T,ok,7,,,128
8708.T,ok,7,,,128
8713.T,ok,7,,,128
8714.T,ok,7,,,128
8715.T,ok,7,,,128
8725.T,ok,7,,,128
8729.T,ok,7,,,128
8737.T,ok,7,,,128
8739.T,ok,7,,,128
8742.T,ok,7,,,128
8746.T,ok,7,,,128
8747.T,ok,7,,,128
8750.T,ok,7,,,128
8769.T,ok,7,,,128
8771.T,ok,7,,,128
8772.T,ok,7,,,128
8783.T,ok,7,,,128
8789.T,ok,7,,,128
8793.T,ok,7,,,128
8795.T,ok,7,,,128
8798.T,ok,7,,,128
8803.T,ok,7,,,128
8804.T,ok,7,,,128
8818.T,ok,7,,,128
8835.T,ok,7,,,128
8836.T,ok,7,,,129
8841.T,ok,7,,,129
8844.T,ok,7,,,129
8848.T,ok,7,,,129
8850.T,ok,7,,,129
8860.T,ok,7,,,129
8864.T,ok,7,,,129
8869.T,ok,7,,,129
8871.T,ok,7,,,129
8876.T,ok,7,,,129
8877.T,ok,7,,,129
8881.T,ok,7,,,129
8887.T,ok,7,,,129
8891.T,ok,7,,,129
8892.T,ok,7,,,129
8894.T,ok,7,,,129
8897.T,ok,7,,,129
8898.T,ok,7,,,129
8904.T,ok,7,,,129
8908.T,ok,7,,,129
8912.T,ok,7,,,129
8914.T,ok,7,,,129
8917.T,ok,7,,,129
8918.T,ok,7,,,129
8919.T,ok,7,,,129
8920.T,ok,7,,,130
8923.T,ok,7,,,130
8927.T,ok,7,,,130
8928.T,ok,7,,,130
8929.T,ok,7,,,130
8931.T,ok,7,,,130
8934.T,ok,7,,,130
8935.T,ok,7,,,130
8938.T,ok,7,,,130
8944.T,ok,7,,,130
8945.T,ok,7,,,130
8946.T,ok,7,,,130
8995.T,ok,7,,,130
8996.T,ok,7,,,130
8999.T,ok,7,,,130
9001.T,ok,7,,,130
9003.T,ok,7,,,130
9006.T,ok,7,,,130
9008.T,ok,7,,,130
9009.T,ok,7,,,130
9010.T,ok,7,,,130
9012.T,ok,7,,,130
9017.T,ok,7,,,130
9023.T,ok,7,,,130
9024.T,ok,7,,,130
9025.T,ok,7,,,131
9028.T,ok,7,,,131
9029.T,ok,7,,,131
9031.T,ok,7,,,131
9033.T,ok,7,,,131
9034.T,ok,7,,,131
9036.T,ok,7,,,131
9037.T,ok,7,,,131
9039.T,ok,7,,,131
9041.T,ok,7,,,131
9044.T,ok,7,,,131
9045.T,ok,7,,,131
9046.T,ok,7,,,131
9048.T,ok,7,,,131
9049.T,ok,7,,,131
9051.T,ok,7,,,131
9052.T,ok,7,,,131
9057.T,ok,7,,,131
9059.T,ok,7,,,131
9060.T,ok,7,,,131
9063.T,ok,7,,,131
9064.T,ok,7,,,131
9065.T,ok,7,,,131
9067.T,ok,7,,,131
9068.T,ok,7,,,131
9069.T,ok,7,,,132
9072.T,ok,7,,,132
9073.T,ok,7,,,132
9074.T,ok,7,,,132
9075.T,ok,7,,,132
9076.T,ok,7,,,132
9081.T,ok,7,,,132
9082.T,ok,7,,,132
9083.T,ok,7,,,132
9087.T,ok,7,,,132
9090.T,ok,7,,,132
9101.T,ok,7,,,132
9104.T,ok,7,,,132
9107.T,ok,7,,,132
9110.T,ok,7,,,132
9115.T,ok,7,,,132
9119.T,ok,7,,,132
9127.T,ok,7,,,132
9130.T,ok,7,,,132
9142.T,ok,7,,,132
9143.T,ok,7,,,132
9145.T,ok,7,,,132
9147.T,ok,7,,,132
9158.T,ok,7,,,132
9159.T,ok,7,,,132
9160.T,ok,7,,,133
9162.T,ok,7,,,133
9163.T,ok,7,,,133
9165.T,ok,7,,,133
9166.T,ok,7,,,133
9168.T,ok,7,,,133
9171.T,ok,7,,,133
9173.T,ok,7,,,133
9193.T,ok,7,,,133
9204.T,ok,7,,,133
9206.T,ok,7,,,133
9211.T,ok,7,,,133
9212.T,ok,7,,,133
9213.T,ok,7,,,133
9214.T,ok,7,,,133
9215.T,ok,7,,,133
9216.T,ok,7,,,133
9218.T,ok,7,,,133
9219.T,ok,7,,,133
9220.T,ok,7,,,133
9221.T,ok,7,,,133
9223.T,ok,7,,,133
9225.T,ok,7,,,133
9227.T,ok,7,,,133
9229.T,ok,7,,,133
9233.T,ok,7,,,134
9235.T,ok,7,,,134
9236.T,ok,7,,,134
9237.T,no_bars,0,YAHOO-NO-BARS,Yahoo returned no OHLCV bars for this symbol.,134
9238.T,ok,7,,,134
9240.T,ok,7,,,134
9241.T,ok,7,,,134
9242.T,ok,7,,,134
9244.T,ok,7,,,134
9245.T,ok,7,,,134
9246.T,ok,7,,,134
9247.T,ok,7,,,134
9248.T,ok,7,,,134
9249.T,ok,7,,,134
9250.T,ok,7,,,134
9251.T,ok,7,,,134
9252.T,ok,7,,,134
9253.T,ok,7,,,134
9254.T,ok,7,,,134
9256.T,ok,7,,,134
9257.T,ok,7,,,134
9258.T,ok,7,,,134
9259.T,ok,7,,,134
9262.T,ok,7,,,134
9264.T,ok,7,,,134
9265.T,ok,7,,,135
9267.T,ok,7,,,135
9268.T,ok,7,,,135
9270.T,ok,7,,,135
9271.T,ok,7,,,135
9272.T,ok,7,,,135
9273.T,ok,7,,,135
9274.T,ok,7,,,135
9278.T,ok,7,,,135
9279.T,ok,7,,,135
9301.T,ok,7,,,135
9302.T,ok,7,,,135
9303.T,ok,7,,,135
9304.T,ok,7,,,135
9305.T,ok,7,,,135
9306.T,ok,7,,,135
9307.T,ok,7,,,135
9308.T,ok,7,,,135
9310.T,ok,7,,,135
9311.T,ok,7,,,135
9312.T,ok,7,,,135
9313.T,ok,7,,,135
9319.T,ok,7,,,135
9322.T,ok,7,,,135
9324.T,ok,7,,,135
9325.T,ok,7,,,136
9326.T,ok,7,,,136
9327.T,ok,7,,,136
9330.T,ok,7,,,136
9331.T,ok,7,,,136
9332.T,ok,7,,,136
9336.T,ok,7,,,136
9337.T,ok,7,,,136
9338.T,ok,7,,,136
9339.T,ok,7,,,136
9340.T,ok,7,,,136
9341.T,ok,7,,,136
9342.T,ok,7,,,136
9343.T,ok,7,,,136
9344.T,ok,7,,,136
9345.T,ok,7,,,136
9346.T,ok,7,,,136
9347.T,ok,7,,,136
9348.T,ok,7,,,136
9351.T,ok,7,,,136
9353.T,ok,7,,,136
9355.T,ok,7,,,136
9360.T,ok,7,,,136
9361.T,ok,7,,,136
9362.T,ok,7,,,136
9363.T,ok,7,,,137
9364.T,ok,7,,,137
9365.T,ok,7,,,137
9366.T,ok,7,,,137
9367.T,ok,7,,,137
9368.T,ok,7,,,137
9369.T,ok,7,,,137
9376.T,ok,7,,,137
9380.T,ok,7,,,137
9381.T,ok,7,,,137
9385.T,ok,7,,,137
9399.T,ok,7,,,137
9401.T,ok,7,,,137
9404.T,ok,7,,,137
9405.T,ok,7,,,137
9408.T,ok,7,,,137
9409.T,ok,7,,,137
9412.T,ok,7,,,137
9413.T,ok,7,,,137
9414.T,ok,7,,,137
9416.T,ok,7,,,137
9417.T,ok,7,,,137
9418.T,ok,7,,,137
9419.T,ok,7,,,137
9421.T,ok,7,,,137
9423.T,ok,7,,,138
9424.T,ok,7,,,138
9425.T,ok,7,,,138
9428.T,ok,7,,,138
9435.T,ok,7,,,138
9436.T,ok,7,,,138
9438.T,ok,7,,,138
9439.T,ok,7,,,138
9441.T,ok,7,,,138
9444.T,ok,7,,,138
9445.T,ok,7,,,138
9446.T,ok,7,,,138
9449.T,ok,7,,,138
9450.T,ok,7,,,138
9466.T,ok,7,,,138
9467.T,ok,7,,,138
9468.T,ok,7,,,138
9470.T,ok,7,,,138
9474.T,ok,7,,,138
9475.T,ok,7,,,138
9476.T,ok,7,,,138
9478.T,ok,7,,,138
9501.T,ok,7,,,138
9504.T,ok,7,,,138
9505.T,ok,7,,,138
9506.T,ok,7,,,139
9507.T,ok,7,,,139
9508.T,ok,7,,,139
9509.T,ok,7,,,139
9511.T,ok,7,,,139
9513.T,ok,7,,,139
9514.T,ok,7,,,139
9517.T,ok,7,,,139
9519.T,ok,7,,,139
9531.T,ok,7,,,139
9532.T,ok,7,,,139
9533.T,ok,7,,,139
9534.T,ok,7,,,139
9535.T,ok,7,,,139
9536.T,ok,7,,,139
9537.T,ok,7,,,139
9539.T,ok,7,,,139
9543.T,ok,7,,,139
9551.T,ok,7,,,139
9552.T,ok,7,,,139
9553.T,ok,7,,,139
9554.T,ok,7,,,139
9556.T,ok,7,,,139
9557.T,ok,7,,,139
9558.T,ok,7,,,139
9560.T,ok,7,,,140
9561.T,ok,7,,,140
9562.T,ok,7,,,140
9563.T,ok,7,,,140
9564.T,ok,7,,,140
9565.T,ok,7,,,140
9601.T,ok,7,,,140
9602.T,ok,7,,,140
9603.T,ok,7,,,140
9605.T,ok,7,,,140
9610.T,ok,7,,,140
9612.T,ok,7,,,140
9616.T,ok,7,,,140
9619.T,ok,7,,,140
9621.T,ok,7,,,140
9622.T,ok,7,,,140
9625.T,ok,7,,,140
9627.T,ok,7,,,140
9628.T,ok,7,,,140
9629.T,ok,7,,,140
9632.T,ok,7,,,140
9633.T,ok,7,,,140
9635.T,ok,7,,,140
9636.T,ok,7,,,140
9639.T,ok,7,,,140
9640.T,ok,7,,,141
9644.T,ok,7,,,141
9647.T,ok,7,,,141
9651.T,ok,7,,,141
9656.T,ok,7,,,141
9658.T,ok,7,,,141
9661.T,ok,7,,,141
9663.T,ok,7,,,141
9672.T,ok,7,,,141
9678.T,ok,7,,,141
9679.T,ok,7,,,141
9682.T,ok,7,,,141
9684.T,ok,7,,,141
9685.T,ok,7,,,141
9686.T,ok,7,,,141
9687.T,ok,7,,,141
9691.T,ok,7,,,141
9692.T,ok,7,,,141
9697.T,ok,7,,,141
9698.T,ok,7,,,141
9699.T,ok,7,,,141
9701.T,ok,7,,,141
9702.T,ok,7,,,141
9704.T,ok,7,,,141
9706.T,ok,7,,,141
9708.T,ok,7,,,142
9709.T,ok,7,,,142
9713.T,ok,7,,,142
9715.T,ok,7,,,142
9716.T,ok,7,,,142
9720.T,ok,7,,,142
9722.T,ok,7,,,142
9723.T,ok,7,,,142
9726.T,ok,7,,,142
9729.T,ok,7,,,142
9731.T,ok,7,,,142
9733.T,ok,7,,,142
9735.T,ok,7,,,142
9739.T,ok,7,,,142
9740.T,ok,7,,,142
9742.T,ok,7,,,142
9743.T,ok,7,,,142
9744.T,ok,7,,,142
9746.T,ok,7,,,142
9753.T,ok,7,,,142
9755.T,ok,7,,,142
9757.T,ok,7,,,142
9759.T,ok,7,,,142
9760.T,ok,7,,,142
9761.T,ok,7,,,142
9763.T,ok,7,,,143
9765.T,ok,7,,,143
9766.T,ok,7,,,143
9767.T,ok,7,,,143
9768.T,ok,7,,,143
9769.T,ok,7,,,143
9778.T,ok,7,,,143
9780.T,ok,7,,,143
9782.T,ok,7,,,143
9788.T,ok,7,,,143
9790.T,ok,7,,,143
9791.T,ok,7,,,143
9793.T,ok,7,,,143
9795.T,ok,7,,,143
9799.T,ok,7,,,143
9812.T,ok,7,,,143
9816.T,ok,7,,,143
9818.T,ok,7,,,143
9820.T,ok,7,,,143
9823.T,ok,7,,,143
9824.T,ok,7,,,143
9827.T,ok,7,,,143
9828.T,ok,7,,,143
9830.T,ok,7,,,143
9831.T,ok,7,,,143
9832.T,ok,7,,,144
9835.T,ok,7,,,144
9837.T,ok,7,,,144
9842.T,ok,7,,,144
9845.T,ok,7,,,144
9846.T,ok,7,,,144
9849.T,ok,7,,,144
9850.T,ok,7,,,144
9853.T,ok,7,,,144
9854.T,ok,7,,,144
9856.T,ok,7,,,144
9857.T,ok,7,,,144
9861.T,ok,7,,,144
9867.T,ok,7,,,144
9869.T,ok,7,,,144
9872.T,ok,7,,,144
9876.T,ok,7,,,144
9878.T,ok,7,,,144
9880.T,ok,7,,,144
9882.T,ok,7,,,144
9885.T,ok,7,,,144
9887.T,ok,7,,,144
9888.T,ok,7,,,144
9889.T,ok,7,,,144
9890.T,ok,7,,,144
9895.T,ok,7,,,145
9896.T,ok,7,,,145
9900.T,ok,7,,,145
9902.T,ok,7,,,145
9903.T,ok,7,,,145
9904.T,ok,7,,,145
9906.T,ok,7,,,145
9908.T,ok,7,,,145
9913.T,ok,7,,,145
9914.T,ok,7,,,145
9927.T,ok,7,,,145
9928.T,ok,7,,,145
9929.T,ok,7,,,145
9930.T,ok,7,,,145
9932.T,ok,7,,,145
9934.T,ok,7,,,145
9936.T,ok,7,,,145
9941.T,ok,7,,,145
9946.T,ok,7,,,145
9948.T,ok,7,,,145
9950.T,ok,7,,,145
9955.T,ok,7,,,145
9956.T,ok,7,,,145
9959.T,ok,7,,,145
9960.T,ok,7,,,145
9962.T,ok,7,,,146
9969.T,ok,7,,,146
9972.T,ok,7,,,146
9973.T,ok,7,,,146
9974.T,ok,7,,,146
9976.T,ok,7,,,146
9978.T,ok,7,,,146
9979.T,ok,7,,,146
9980.T,ok,7,,,146
9982.T,ok,7,,,146
9984.T,ok,7,,,146
9986.T,ok,7,,,146
9987.T,ok,7,,,146
9989.T,ok,7,,,146
9990.T,ok,7,,,146
9991.T,ok,7,,,146
9993.T,ok,7,,,146
9994.T,ok,7,,,146
9996.T,ok,7,,,146
9997.T,ok,7,,,146
